rowid,sentences
1,ありときのこ
2,宮沢賢治
3, 苔いちめんに、霧がぽしゃぽしゃ降って、蟻の歩哨は鉄の帽子のひさしの下から、するどいひとみであたりをにらみ、青く大きな羊歯の森の前をあちこち行ったり来たりしています。
4, 向こうからぷるぷるぷるぷる一ぴきの蟻の兵隊が走って来ます。
5,「停まれ、誰かッ」
6,「第百二十八聯隊の伝令!」
7,「どこへ行くか」
8,「第五十聯隊 聯隊本部」
9, 歩哨はスナイドル式の銃剣を、向こうの胸に斜めにつきつけたまま、その眼の光りようや顎のかたち、それから上着の袖の模様や靴のぐあい、いちいち詳しく調べます。
10,「よし、通れ」
11, 伝令はいそがしく羊歯の森のなかへはいって行きました。
12, 霧の粒はだんだん小さく小さくなって、いまはもう、うすい乳いろのけむりに変わり、草や木の水を吸いあげる音は、あっちにもこっちにも忙しく聞こえだしました。さすがの歩哨もとうとうねむさにふらっとします。
13, 二疋の蟻の子供らが、手をひいて、何かひどく笑いながらやって来ました。そしてにわかに向こうの楢の木の下を見てびっくりして立ちどまります。
14,「あっ、あれなんだろう。あんなところにまっ白な家ができた」
15,「家じゃない山だ」
16,「昨日はなかったぞ」
17,「兵隊さんにきいてみよう」
18,「よし」
19, 二疋の蟻は走ります。
20,「兵隊さん、あすこにあるのなに?」
21,「なんだうるさい、帰れ」
22,「兵隊さん、いねむりしてんだい。あすこにあるのなに?」
23,「うるさいなあ、どれだい、おや!」
24,「昨日はあんなものなかったよ」
25,「おい、大変だ。おい。おまえたちはこどもだけれども、こういうときには立派にみんなのお役にたつだろうなあ。いいか。おまえはね、この森をはいって行ってアルキル中佐どのにお目にかかる。それからおまえはうんと走って陸地測量部まで行くんだ。そして二人ともこう言うんだ。北緯二十五度東経六厘の処に、目的のわからない大きな工事ができましたとな。二人とも言ってごらん」
26,「北緯二十五度東経六厘の処に目的のわからない大きな工事ができました」
27,「そうだ。では早く。そのうち私は決してここを離れないから」
28, 蟻の子供らはいちもくさんにかけて行きます。
29, 歩哨は剣をかまえて、じっとそのまっしろな太い柱の、大きな屋根のある工事をにらみつけています。
30, それはだんだん大きくなるようです。だいいち輪廓のぼんやり白く光ってぶるぶるぶるぶるふるえていることでもわかります。
31, にわかにぱっと暗くなり、そこらの苔はぐらぐらゆれ、蟻の歩哨は夢中で頭をかかえました。眼をひらいてまた見ますと、あのまっ白な建物は、柱が折れてすっかり引っくり返っています。
32, 蟻の子供らが両方から帰ってきました。
33,「兵隊さん。かまわないそうだよ。あれはきのこというものだって。なんでもないって。アルキル中佐はうんと笑ったよ。それからぼくをほめたよ」
34,「あのね、すぐなくなるって。地図に入れなくてもいいって。あんなもの地図に入れたり消したりしていたら、陸地測量部など百あっても足りないって。おや! 引っくりかえってらあ」
35,「たったいま倒れたんだ」歩哨は少しきまり悪そうに言いました。
36,「なあんだ。あっ。あんなやつも出て来たぞ」
37, 向こうに魚の骨の形をした灰いろのおかしなきのこが、とぼけたように光りながら、枝がついたり手が出たりだんだん地面からのびあがってきます。二疋の蟻の子供らは、それを指さして、笑って笑って笑います。
38, そのとき霧の向こうから、大きな赤い日がのぼり、羊歯もすぎごけもにわかにぱっと青くなり、蟻の歩哨は、またいかめしくスナイドル式銃剣を南の方へ構えました。
39,或る農学生の日誌
40,宮沢賢治
41,     序
42,ぼくは農学校の三年生になったときから今日まで三年の間のぼくの日誌を公開する。どうせぼくは字も文章も下手だ。ぼくと同じように本気に仕事にかかった人でなかったらこんなもの実に厭な面白くもないものにちがいない。いまぼくが読み返してみてさえ実に意気地なく野蛮なような気のするところがたくさんあるのだ。ちょうど小学校の読本の村のことを書いたところのようにじつにうそらしくてわざとらしくていやなところがあるのだ。けれどもぼくのはほんとうだから仕方ない。ぼくらは空想でならどんなことでもすることができる。けれどもほんとうの仕事はみんなこんなにじみなのだ。そしてその仕事をまじめにしているともう考えることも考えることもみんなじみな、そうだ、じみというよりはやぼな所謂田舎臭いものに変ってしまう。
43,ぼくはひがんで云うのでない。けれどもぼくが父とふたりでいろいろな仕事のことを云いながらはたらいているところを読んだら、ぼくを軽べつする人がきっと沢山あるだろう。そんなやつをぼくは叩きつけてやりたい。ぼくは人を軽べつするかそうでなければ妬むことしかできないやつらはいちばん卑怯なものだと思う。ぼくのように働いている仲間よ、仲間よ、ぼくたちはこんな卑怯さを世界から無くしてしまおうでないか。
44,一九二五、四月一日 火曜日 晴
45,今日から新らしい一学期だ。けれども学校へ行っても何だか張合いがなかった。一年生はまだはいらないし三年生は居ない。居ないのでないもうこっちが三年生なのだが、あの挨拶を待ってそっと横眼で威張っている卑怯な上級生が居ないのだ。そこで何だか今まで頭をぶっつけた低い天井裏が無くなったような気もするけれどもまた支柱をみんな取ってしまった桜の木のような気もする。今日の実習にはそれをやった。去年の九月古い競馬場のまわりから掘って来て植えておいたのだ。今ごろ支柱を取るのはまだ早いだろうとみんな思った。なぜならこれからちょうど小さな根がでるころなのに西風はまだまだ吹くから幹がてこになってそれを切るのだ。けれども菊池先生はみんな除らせた。花が咲くのに支柱があっては見っともないと云うのだけれども桜が咲くにはまだ一月もその余もある。菊池先生は春になったのでただ面白くてあれを取ったのだとおもう。
46,その古い縄だの冬の間のごみだの運動場の隅へ集めて燃やした。そこでほかの実習の組の人たちは羨ましがった。午前中その実習をして放課になった。教科書がまだ来ないので明日もやっぱり実習だという。午后はみんなでテニスコートを直したりした。
47,四月二日 水曜日 晴
48,今日は三年生は地質と土性の実習だった。斉藤先生が先に立って女学校の裏で洪積層と第三紀の泥岩の露出を見てそれからだんだん土性を調べながら小船渡の北上の岸へ行った。河へ出ている広い泥岩の露出で奇体なギザギザのあるくるみの化石だの赤い高師小僧だのたくさん拾った。それから川岸を下って朝日橋を渡って砂利になった広い河原へ出てみんなで鉄鎚でいろいろな岩石の標本を集めた。河原からはもうかげろうがゆらゆら立って向うの水などは何だか風のように見えた。河原で分れて二時頃うちへ帰った。
49,そして晩まで垣根を結って手伝った。あしたはやすみだ。
50,四月三日 今日はいい付けられて一日古い桑の根掘りをしたので大へんつかれた。
51,四月四日、上田君と高橋君は今日も学校へ来なかった。上田君は師範学校の試験を受けたそうだけれどもまだ入ったかどうかはわからない。なぜ農学校を二年もやってから師範学校なんかへ行くのだろう。高橋君は家で稼いでいてあとは学校へは行かないと云ったそうだ。高橋君のところは去年の旱魃がいちばんひどかったそうだから今年はずいぶん難儀するだろう。それへ較べたらうちなんかは半分でもいくらでも穫れたのだからいい方だ。今年は肥料だのすっかり僕が考えてきっと去年の埋め合せを付ける。実習は苗代掘りだった。去年の秋小さな盛りにしていた土を崩すだけだったから何でもなかった。教科書がたいてい来たそうだ。ただ測量と園芸が来ないとか云っていた。あしたは日曜だけれども無くならないうちに買いに行こう。僕は国語と修身は農事試験場へ行った工藤さんから譲られてあるから残りは九冊だけだ。
52,四月五日 日
53,南万丁目へ屋根換えの手伝えにやられた。なかなかひどかった。屋根の上にのぼっていたら南の方に学校が長々と横わっているように見えた。ぼくは何だか今日は一日あの学校の生徒でないような気がした。教科書は明日買う。
54,四月六日 月
55,今日は入学式だった。ぼんやりとしてそれでいて何だか堅苦しそうにしている新入生はおかしなものだ。ところがいまにみんな暴れ出す。来年になるとあれがみんな二年生になっていい気になる。さ来年はみんな僕らのようになってまた新入生をわらう。そう考えると何だか変な気がする。伊藤君と行って本屋へ教科書を九冊だけとっておいてもらうように頼んでおいた。
56,四月七日 火、朝父から金を貰って教科書を買った。
57, そして今日から授業だ。測量はたしかに面白い。地図を見るのも面白い。ぜんたいここらの田や畑でほんとうの反別になっている処がないと武田先生が云った。それだから仕事の予定も肥料の入れようも見当がつかないのだ。僕はもう少し習ったらうちの田をみんな一枚ずつ測って帳面に綴じておく。そして肥料だのすっかり考えてやる。きっと今年は去年の旱魃の埋め合せと、それから僕の授業料ぐらいを穫ってみせる。実習は今日も苗代掘りだった。
58,四月八日 水、今日は実習はなくて学校の行進歌の練習をした。僕らが歌って一年生がまねをするのだ。けれどもぼくは何だか圧しつけられるようであの行進歌はきらいだ。何だかあの歌を歌うと頭が痛くなるような気がする。実習のほうが却っていいくらいだ。学校から纏めて注文するというので僕は苹果を二本と葡萄を一本頼んでおいた。
59,四月九日〔以下空白〕
60,一千九百廿五年五月五日 晴
61,まだ朝の風は冷たいけれども学校へ上り口の公園の桜は咲いた。けれどもぼくは桜の花はあんまり好きでない。朝日にすかされたのを木の下から見ると何だか蛙の卵のような気がする。それにすぐ古くさい歌やなんか思い出すしまた歌など詠むのろのろしたような昔の人を考えるからどうもいやだ。そんなことがなかったら僕はもっと好きだったかも知れない。誰も桜が立派だなんて云わなかったら僕はきっと大声でそのきれいさを叫んだかも知れない。僕は却ってたんぽぽの毛のほうを好きだ。夕陽になんか照らされたらいくら立派だか知れない。
62,今日の実習は陸稲播きで面白かった。みんなで二うねずつやるのだ。ぼくは杭を借りて来て定規をあてて播いた。種子が間隔を正しくまっすぐになった時はうれしかった。いまに芽を出せばその通り青く見えるんだ。学校の田のなかにはきっとひばりの巣が三つ四つある。実習している間になんべんも降りたのだ。けれども飛びあがるところはつい見なかった。ひばりは降りるときはわざと巣からはなれて降りるから飛びあがるとこを見なければ巣のありかはわからない。
63,一千九百二十五年五月六日
64,今日学校で武田先生から三年生の修学旅行のはなしがあった。今月の十八日の夜十時で発って二十三日まで札幌から室蘭をまわって来るのだそうだ。先生は手に取るように向うの景色だの見て来ることだの話した。
65,津軽海峡、トラピスト、函館、五稜郭、えぞ富士、白樺、小樽、札幌の大学、麦酒会社、博物館、デンマーク人の農場、苫小牧、白老のアイヌ部落、室蘭、ああ僕は数えただけで胸が踊る。五時間目には菊池先生がうちへ宛てた手紙を渡して、またいろいろ話された。武田先生と菊池先生がついて行かれるのだそうだ。
66,行く人が二十八人にならなければやめるそうだ。それは県の規則が全級の三分の一以上参加するようになってるからだそうだ。けれども学校へ十九円納めるのだしあと五円もかかるそうだから。きっと行けると思う人はと云ったら内藤君や四人だけ手をあげた。みんな町の人たちだ。うちではやってくれるだろうか。父が居ないので母へだけ話したけれども母は心配そうに眼をあげただけで何とも云わなかった。けれどもきっと父はやってくれるだろう。そしたら僕は大きな手帳へ二冊も書いて来て見せよう。
67,五月七日
68,今朝父へ学校からの手紙を渡してそれからいろいろ先生の云ったことを話そうとした。すると父は手紙を読んでしまってあとはなぜか大へんあたりに気兼ねしたようすで僕が半分しか云わないうちに止めてしまった。そしてよく相談するからと云った。祖母や母に気兼ねをしているのかもしれない。
69,五月八日 行く人が大ぶあるようだ。けれどもうちでは誰も何とも云わない。だから僕はずいぶんつらい。
70,五月九日、
71,三時間目に菊池先生がまたいろいろ話された。行くときまった人はみんな面白そうにして聞いていた。僕は頭が熱くて痛くなった。ああ北海道、雑嚢を下げてマントをぐるぐる捲いて肩にかけて津軽海峡をみんなと船で渡ったらどんなに嬉しいだろう。
72,五月十日 今日もだめだ。
73,五月十一日 日曜 曇 午前は母や祖母といっしょに田打ちをした。午后はうちのひば垣をはさんだ。何だか修学旅行の話が出てから家中へんになってしまった。僕はもう行かなくてもいい。行かなくてもいいから学校ではあと授業の時間に行く人を調べたり旅行の話をしたりしなければいいのだ。
74, 北海道なんか何だ。ぼくは今に働いて自分で金をもうけてどこへでも行くんだ。ブラジルへでも行ってみせる。
75,五月十二日、今日また人数を調べた。二十八人に四人足りなかった。みんなは僕だの斉藤君だの行かないので旅行が不成立になると云ってしきりに責めた。武田先生まで何だか変な顔をして僕に行けと云う。僕はほんとうにつらい。明后日までにすっかり決まるのだ。夕方父が帰って炉ばたに居たからぼくは思い切って父にもう一度学校の事情を云った。
76, すると父が母もまだ伊勢詣りさえしないのだし祖母だって伊勢詣り一ぺんとここらの観音巡り一ぺんしただけこの十何年死ぬまでに善光寺へお詣りしたいとそればかり云っているのだ、ことに去年からのここら全体の旱魃でいま外へ遊んで歩くなんてことはとなりやみんなへ悪くてどうもいけないということを云った。
77, 僕はいくら下を向いていても炉のなかへ涙がこぼれて仕方なかった。それでもしばらくたってからそんなら僕はもう行かなくてもいいからと云った。ぼくはみんなが修学旅行へ発つ間休みだといって学校は欠席しようと思ったのだ。すると父がまたしばらくだまっていたがとにかくもいちど相談するからと云ってあとはいろいろ稲の種類のことだのふだんきかないようなことまでぼくにきいた。ぼくはけれども気持ちがさっぱりした。
78,五月十三日 今日学校から帰って田に行ってみたら母だけ一人居て何だか嬉しそうにして田の畦を切っていた。
79, 何かあったのかと思ってきいたら、今にお父さんから聞けといった。ぼくはきっと修学旅行のことだと思った。
80, 僕もそこで母が家へ帰るまで田打ちをして助けた。
81, けれども父はまだ帰って来ない。
82,五月十四日、昨夜父が晩く帰って来て、僕を修学旅行にやると云った。母も嬉しそうだったし祖母もいろいろ向うのことを聞いたことを云った。祖母の云うのはみんな北海道開拓当時のことらしくて熊だのアイヌだの南瓜の飯や玉蜀黍の団子やいまとはよほどちがうだろうと思われた。今日学校へ行って武田先生へ行くと云って届けたら先生も大へんよろこんだ。もうあと二人足りないけれども定員を超えたことにして県へは申請書を出したそうだ。ぼくはもう行ってきっとすっかり見て来る、そしてみんなへ詳しく話すのだ。
83,一九二五、五、一八、
84,汽車は闇のなかをどんどん北へ走って行く。盛岡の上のそらがまだぼうっと明るく濁って見える。黒い藪だの松林だのぐんぐん窓を通って行く。北上山地の上のへりが時々かすかに見える。
85,さあいよいよぼくらも岩手県をはなれるのだ。
86,うちではみんなもう寝ただろう。祖母さんはぼくにお守りを借してくれた。さよなら、北上山地、北上川、岩手県の夜の風、今武田先生が廻ってみんなの席の工合や何かを見て行った。
87,一九二六、五、一九、〔以下空白〕
88,五月十九日
89,      *
90,いま汽車は青森県の海岸を走っている。海は針をたくさん並べたように光っているし木のいっぱい生えた三角な島もある。いま見ているこの白い海が太平洋なのだ。その向うにアメリカがほんとうにあるのだ。ぼくは何だか変な気がする。
91,海が岬で見えなくなった。松林だ。また見える。次は浅虫だ。石を載せた屋根も見える。何て愉快だろう。
92,      *
93,青森の町は盛岡ぐらいだった。停車場の前にはバナナだの苹果だの売る人がたくさんいた。待合室は大きくてたくさんの人が顔を洗ったり物を食べたりしている。待合室で白い服を着た車掌みたいな人が蕎麦も売っているのはおかしい。
94,      *
95,船はいま黒い煙を青森の方へ長くひいて下北半島と津軽半島の間を通って海峡へ出るところだ。みんなは校歌をうたっている。けむりの影は波にうつって黒い鏡のようだ。津軽半島の方はまるで学校にある広重の絵のようだ。山の谷がみんな海まで来ているのだ。そして海岸にわずかの砂浜があってそこには巨きな黒松の並木のある街道が通っている。少し大きな谷には小さな家が二、三十も建っていてそこの浜には五、六そうの舟もある。
96,さっきから見えていた白い燈台はすぐそこだ。ぼくは船が横を通る間にだまってすっかり見てやろう。絵が上手だといいんだけれども僕は絵は描けないから覚えて行ってみんな話すのだ。風は寒いけれどもいい天気だ。僕は少しも船に酔わない。ほかにも誰も酔ったものはない。
97,      *
98,いるかの群が船の横を通っている。いちばんはじめに見附けたのは僕だ。ちょっと向うを見たら何か黒いものが波から抜け出て小さな弧を描いてまた波へはいったのでどうしたのかと思ってみていたらまたすぐ近くにも出た。それからあっちにもこっちにも出た。そこでぼくはみんなに知らせた。何だか手を気を付けの姿勢で水を出たり入ったりしているようで滑稽だ。
99,先生も何だかわからなかったようだが漁師の頭らしい洋服を着た肥った人がああいるかですと云った。あんまりみんな甲板のこっち側へばかり来たものだから少し船が傾いた。
100,風が出てきた。
101,何だか波が高くなってきた。
102,東も西も海だ。向うにもう北海道が見える。何だか工合がわるくなってきた。
103,      *
104,いま汽車は函館を発って小樽へ向って走っている。窓の外はまっくらだ。もう十一時だ。函館の公園はたったいま見て来たばかりだけれどもまるで夢のようだ。
105,巨きな桜へみんな百ぐらいずつの電燈がついていた。それに赤や青の灯や池にはかきつばたの形した電燈の仕掛けものそれに港の船の灯や電車の火花じつにうつくしかった。けれどもぼくは昨夜からよく寝ないのでつかれた。書かないでおいたってあんなうつくしい景色は忘れない。それからひるは過燐酸の工場と五稜郭。過燐酸石灰、硫酸もつくる。
106,五月廿日
107,      *
108,いま窓の右手にえぞ富士が見える。火山だ。頭が平たい。焼いた枕木でこさえた小さな家がある。熊笹が茂っている。植民地だ。
109,      *
110,いま小樽の公園に居る。高等商業の標本室も見てきた。馬鈴薯からできるもの百五、六十種の標本が面白かった。
111,この公園も丘になっている。白樺がたくさんある。まっ青な小樽湾が一目だ。軍艦が入っているので海軍には旗も立っている。時間があれば見せるのだがと武田先生が云った。ベンチへ座ってやすんでいると赤い蟹をゆでたのを売りに来る。何だか怖いようだ。よくあんなの食べるものだ。
112,      *
113,一千九百廿五年十月十六日
114,一時間目の修身の講義が済んでもまだ時間が余っていたら校長が何でも質問していいと云った。けれども誰も黙っていて下を向いているばかりだった。ききたいことは僕だってみんなだって沢山あるのだ。けれどもぼくらがほんとうにききたいことをきくと先生はきっと顔をおかしくするからだめなのだ。
115,なぜ修身がほんとうにわれわれのしなければならないと信ずることを教えるものなら、どんな質問でも出さしてはっきりそれをほんとうかうそか示さないのだろう。
116,一千九百廿五年十月廿五日
117,今日は土性調査の実習だった。僕は第二班の班長で図板をもった。あとは五人でハムマアだの検土杖だの試験紙だの塩化加里の瓶だの持って学校を出るときの愉快さは何とも云われなかった。谷先生もほんとうに愉快そうだった。六班がみんな思い思いの計画で別々のコースをとって調査にかかった。僕は郡で調べたのをちゃんと写して予察図にして持っていたからほかの班のようにまごつかなかった。けれどもなかなかわからない。郡のも十万分一だしほんの大体しか調ばっていない。猿ヶ石川の南の平地に十時半ころまでにできた。それからは洪積層が旧天王の安山集塊岩の丘つづきのにも被さっているかがいちばんの疑問だったけれどもぼくたちは集塊岩のいくつもの露頭を丘の頂部近くで見附けた。結局洪積紀は地形図の百四十米の線以下という大体の見当も附けてあとは先生が云ったように木の育ち工合や何かを参照して決めた。ぼくは土性の調査よりも地質の方が面白い。土性の方ならただ土をしらべてその場所を地図の上にその色で取っていくだけなのだが地質の方は考えなければいけないしその考えがなかなかうまくあたるのだから。
118,ぼくらは松林の中だの萱の中で何べんもほかの班に出会った。みんなぼくらの地図をのぞきたがった。
119,萱の中からは何べんも雉子も飛んだ。
120,耕地整理になっているところがやっぱり旱害で稲は殆んど仕付からなかったらしく赤いみじかい雑草が生えておまけに一ぱいにひびわれていた。
121,やっと仕付かった所も少しも分蘖せず赤くなって実のはいらない稲がそのまま刈りとられずに立っていた。耕地整理の先に立った人はみんなの為にしたのだそうだけれどもほんとうにひどいだろう。ぼくらはそこの土性もすっかりしらべた。水さえ来るならきっと将来は反当三石まではとれるようにできると思う。
122,午后一時に約束の通り各班が猿ヶ石川の岸にあるきれいな安山集塊岩の露出のところに集った。どこからか小梨を貰ったと云って先生はみんなに分けた。ぼくたちはそこで地図を塗りなおしたりした。先生はその場所では誰のもいいとも悪いとも云わなかった。しばらくやすんでから、こんどはみんなで先生について川の北の花崗岩だの三紀の泥岩だのまではいった込んだ地質や土性のところを教わってあるいた。図は次の月曜までに清書して出すことにした。
123,ぼくはあの図を出して先生に直してもらったら次の日曜に高橋君を頼んで僕のうちの近所のをすっかりこしらえてしまうんだ。僕のうちの近くなら洪積と沖積があるきりだしずっと簡単だ。それでも肥料の入れようやなんかまるでちがうんだから。いまならみんなはまるで反対にやってるんでないかと思う。
124,一九二五、十一月十日。
125,今日実習が済んでから農舎の前に立ってグラジオラスの球根の旱してあるのを見ていたら武田先生も鶏小屋の消毒だか済んで硫黄華をずぼんへいっぱいつけて来られた。そしてやっぱり球根を見ていられたがそこから大きなのを三つばかり取って僕に呉れた。僕がもじもじしているとこれは新らしい高価い種類だよ。君にだけやるから来春植えてみたまえと云った。すると農場の方から花の係りの内藤先生が来たら武田先生は大へんあわててポケットへしまっておきたまえ、と云った。ぼくは変な気がしたけれども仕方なくポケットへ入れた。すると武田先生は急いで農舎の中へはいって農具だか何だか整理し出した。ぼくはいやで仕方なかったので内藤先生が行ってからそっと球根をむしろの中へ返して、急いで校舎へ入って実習服を着換えてうちに帰った。
126,一千九百二十六年三月廿〔一字分空白〕日、
127,塩水撰をやった。うちのが済んでから楢戸のもやった。
128,本にある通りの比重でやったら亀の尾は半分も残らなかった。去年の旱害はいちばんよかった所でもこんな工合だったのだ。けれども陸羽一三二号のほうは三割ぐらいしか浮く分がなかった。それでも塩水選をかけたので恰度六斗あったから本田の一町一反分には充分だろう。とにかく僕は今日半日で大丈夫五十円の仕事はした訳だ。
129,なぜならいままでは塩水選をしないでやっと反当二石そこそこしかとっていなかったのを今度はあちこちの農事試験場の発表のように一割の二斗ずつの増収としても一町一反では二石二斗になるのだ。みんなにもほんとうにいいということが判るようになったら、ぼくは同じ塩水で長根ぜんたいのをやるようにしよう。一軒のうちで三十円ずつ得してもこの部落全体では四百五十円になる。それが五、六人ただ半日の仕事なのだ。塩水選をする間は父はそこらの冬の間のごみを集めて焼いた。籾ができると父は細長くきれいに藁を通して編んだ俵につめて中へつめた。あれは合理的だと思う。湧水がないので、あのつつみへ漬けた。氷がまだどての陰には浮いているからちょうど摂氏零度ぐらいだろう。十二月にどてのひびを埋めてから水は六分目までたまっていた。今年こそきっといいのだ。あんなひどい旱魃が二年続いたことさえいままでの気象の統計にはなかったというくらいだもの、どんな偶然が集ったって今年まで続くなんてことはないはずだ。気候さえあたり前だったら今年は僕はきっといままでの旱魃の損害を恢復してみせる。そして来年からはもううちの経済も楽にするし長根ぜんたいまできっと生々した愉快なものにしてみせる。
130,一千九百二十六年六月十四日 今日はやっと正午から七時まで番水があたったので樋番をした。何せ去年からの巨きなひびもあるとみえて水はなかなかたまらなかった。くろへ腰掛けてこぼこぼはっていく温い水へ足を入れていてついとろっとしたらなんだかぼくが稲になったような気がした。そしてぼくが桃いろをした熱病にかかっていてそこへいま水が来たのでぼくは足から水を吸いあげているのだった。どきっとして眼をさました。水がこぼこぼ裂目のところで泡を吹きながらインクのようにゆっくりゆっくりひろがっていったのだ。
131, 水が来なくなって下田の代掻ができなくなってから今日で恰度十二日雨が降らない。いったいそらがどう変ったのだろう。あんな旱魃の二年続いた記録が無いと測候所が云ったのにこれで三年続くわけでないか。大堰の水もまるで四寸ぐらいしかない。夕方になってやっといままでの分へ一わたり水がかかった。
132, 三時ごろ水がさっぱり来なくなったからどうしたのかと思って大堰の下の岐れまで行ってみたら権十がこっちをとめてじぶんの方へ向けていた。ぼくはまるで権十が甘藍の夜盗虫みたいな気がした。顔がむくむく膨れていて、おまけにあんな冠らなくてもいいような穴のあいたつばの下った土方しゃっぽをかぶってその上からまた頬かぶりをしているのだ。
133, 手も足も膨れているからぼくはまるで権十が夜盗虫みたいな気がした。何をするんだと云ったら、なんだ、農学校終ったって自分だけいいことをするなと云うのだ。ぼくもむっとした。何だ、農学校なぞ終っても終らなくてもいまはぼくのとこの番にあたって水を引いているのだ。それを盗んで行くとは何だ。と云ったら、学校へ入ったんでしゃべれるようになったもんな、と云う。ぼくはもう大きな石をたたきつけてやろうとさえ思った。
134, けれども権十はそのまま行ってしまったから、ぼくは水をうちの方へ向け直した。やっぱり権十はぼくを子供だと思ってぼくだけ居たものだからあんなことをしたのだ。いまにみろ、ぼくは卑怯なやつらはみんな片っぱしから叩きつけてやるから。
135,一千九百二十七年八月廿一日
136,稲がとうとう倒れてしまった。ぼくはもうどうしていいかわからない。あれぐらい昨日までしっかりしていたのに、明方の烈しい雷雨からさっきまでにほとんど半分倒れてしまった。喜作のもこっそり行ってみたけれどもやっぱり倒れた。いまもまだ降っている。父はわらって大丈夫大丈夫だと云うけれどもそれはぼくをなだめるためでじつは大へんひどいのだ。母はまるでぼくのことばかり心配している。ぼくはうちの稲が倒れただけなら何でもないのだ。ぼくが肥料を教えた喜作のだってそれだけなら何でもない。それだけならぼくは冬に鉄道へ出ても行商してもきっと取り返しをつける。けれども、あれぐらい手入をしてあれぐらい肥料を考えてやってそれでこんなになるのならもう村はどこももっとよくなる見込はないのだ。ぼくはどこへも相談に行くとこがない。学校へ行ったってだめだ。......先生はああ倒れたのか、苗が弱くはなかったかな、あんまり力を落してはいけないよ、ぐらいのことを云って笑うだけのもんだ。日誌、日誌、ぼくはこの書きつける日誌がなかったら今夜どうしているだろう。せきはとめたし落し口は切ったし田のなかへはまだ入られないしどうすることもできずだまってあのぼしょぼしょしたりまたおどすように強くなったりする雨の音を聞いていなければならないのだ。いったいこの雨があしたのうちに晴れるだなんてことがあるだろうか。
137,ああどうでもいい、なるようになるんだ。あした雨が晴れるか晴れないかよりも、今夜ぼくが............を一足つくれることのほうがよっぽどたしかなんだから。
138,いちょうの実
139,宮沢賢治
140, そらのてっぺんなんかつめたくてつめたくてまるでカチカチのやきをかけた鋼です。
141, そして星がいっぱいです。けれども東の空はもうやさしいききょうの花びらのようにあやしい底光りをはじめました。
142, その明け方の空の下、ひるの鳥でもゆかない高いところをするどい霜のかけらが風に流されてサラサラサラサラ南のほうへとんでゆきました。
143, じつにそのかすかな音が丘の上の一本いちょうの木に聞こえるくらいすみきった明け方です。
144, いちょうの実はみんないちどに目をさましました。そしてドキッとしたのです。きょうこそはたしかに旅だちの日でした。みんなも前からそう思っていましたし、きのうの夕方やってきた二わのカラスもそういいました。
145,「ぼくなんか落ちるとちゅうで目がまわらないだろうか。」一つの実がいいました。
146,「よく目をつぶっていけばいいさ。」も一つが答えました。
147,「そうだ。わすれていた。ぼく水とうに水をつめておくんだった。」
148,「ぼくはね、水とうのほかにはっか水を用意したよ。すこしやろうか。旅へ出てあんまり心持ちのわるいときはちょっと飲むといいっておっかさんがいったぜ。」
149,「なぜおっかさんはぼくへはくれないんだろう。」
150,「だから、ぼくあげるよ。おっかさんをわるく思っちゃすまないよ。」
151, そうです。このいちょうの木はおかあさんでした。
152, ことしは千人の黄金色の子どもが生まれたのです。
153, そしてきょうこそ子どもらがみんないっしょに旅にたつのです。おかあさんはそれをあんまり悲しんでおうぎ形の黄金の髪の毛をきのうまでにみんな落としてしまいました。
154,「ね、あたしどんなとこへいくのかしら。」ひとりのいちょうの女の子が空を見あげてつぶやくようにいいました。
155,「あたしだってわからないわ、どこへもいきたくないわね。」もひとりがいいました。
156,「あたしどんなめにあってもいいから、おっかさんとこにいたいわ。」
157,「だっていけないんですって。風が毎日そういったわ。」
158,「いやだわね。」
159,「そしてあたしたちもみんなばらばらにわかれてしまうんでしょう。」
160,「ええ、そうよ。もうあたしなんにもいらないわ。」
161,「あたしもよ。今までいろいろわがままばっかしいってゆるしてくださいね。」
162,「あら、あたしこそ。あたしこそだわ。ゆるしてちょうだい。」
163, 東の空のききょうの花びらはもういつかしぼんだように力なくなり、朝の白光りがあらわれはじめました。星が一つずつきえてゆきます。
164, 木のいちばんいちばん高いところにいたふたりのいちょうの男の子がいいました。
165,「そら、もう明るくなったぞ。うれしいなあ。ぼくはきっと黄金色のお星さまになるんだよ。」
166,「ぼくもなるよ。きっとここから落ちればすぐ北風が空へつれてってくれるだろうね。」
167,「ぼくは北風じゃないと思うんだよ。北風はしんせつじゃないんだよ。ぼくはきっとからすさんだろうと思うね。」
168,「そうだ。きっとからすさんだ。からすさんはえらいんだよ。ここから遠くてまるで見えなくなるまでひと息に飛んでゆくんだからね。たのんだら、ぼくらふたりぐらいきっといっぺんに青ぞらまでつれていってくれるぜ。」
169,「たのんでみようか。はやく来るといいな。」
170, そのすこし下でもうふたりがいいました。
171,「ぼくはいちばんはじめにあんずの王様のお城をたずねるよ。そしておひめ様をさらっていったばけものを退治するんだ。そんなばけものがきっとどこかにあるね。」
172,「うん。あるだろう。けれどもあぶないじゃないか。ばけものは大きいんだよ。ぼくたちなんか、鼻でふきとばされちまうよ。」
173,「ぼくね、いいもの持っているんだよ。だからだいじょうぶさ。見せようか。そら、ね。」
174,「これおっかさんの髪でこさえた網じゃないの。」
175,「そうだよ。おっかさんがくだすったんだよ。なにかおそろしいことのあったときはこのなかにかくれるんだって。ぼくね、この網をふところにいれてばけものに行ってね。もしもし。こんにちは、ぼくをのめますかのめないでしょう。とこういうんだよ。ばけものはおこってすぐのむだろう。ぼくはそのときばけものの胃ぶくろのなかでこの網をだしてね、すっかりかぶっちまうんだ。それからおなかじゅうをめっちゃめちゃにこわしちまうんだよ。そら、ばけものはチブスになって死ぬだろう。そこでぼくはでてきてあんずのおひめ様をつれてお城に帰るんだ。そしておひめ様をもらうんだよ。」
176,「ほんとうにいいね。そんならそのときぼくはお客様になっていってもいいだろう。」
177,「いいともさ。ぼく、国を半分わけてあげるよ。それからおっかさんへは毎日おかしやなんかたくさんあげるんだ。」
178, 星がすっかりきえました。東の空は白くもえているようです。木がにわかにざわざわしました。もう出発に間もないのです。
179,「ぼく、くつが小さいや。めんどうくさい。はだしでいこう。」
180,「そんならぼくのとかえよう。ぼくのはすこし大きいんだよ。」
181,「かえよう。あ、ちょうどいいぜ。ありがとう。」
182,「わたしこまってしまうわ、おっかさんにもらった新しい外套が見えないんですもの。」
183,「はやくおさがしなさいよ。どのえだにおいたの。」
184,「わすれてしまったわ。」
185,「こまったわね。これからひじょうに寒いんでしょう。どうしても見つけないといけなくってよ。」
186,「そら、ね。いいぱんだろう。ほしぶどうがちょっと顔をだしてるだろう。はやくかばんへ入れたまえ。もうお日さまがおでましになるよ。」
187,「ありがとう。じゃもらうよ。ありがとう。いっしょにいこうね。」
188,「こまったわ、わたし、どうしてもないわ。ほんとうにわたしどうしましょう。」
189,「わたしとふたりでいきましょうよ。わたしのをときどきかしてあげるわ。こごえたらいっしょに死にましょうよ。」
190, 東の空が白くもえ、ユラリユラリとゆれはじめました。おっかさんの木はまるで死んだようになってじっと立っています。
191, とつぜん光のたばが黄金の矢のように一度にとんできました。子どもらはまるでとびあがるくらいかがやきました。
192, 北から氷のようにつめたいすきとおった風がゴーッとふいてきました。
193,「さよなら、おっかさん。」「さよなら、おっかさん。」子どもらはみんな一度に雨のようにえだからとびおりました。
194, 北風がわらって、
195,「ことしもこれでまずさよならさよならっていうわけだ。」といいながらつめたいガラスのマントをひらめかしてむこうへいってしまいました。
196, お日様はもえる宝石のように東の空にかかり、あらんかぎりのかがやきを悲しむ母親の木と旅にでた子どもらとに投げておやりなさいました。
197,イギリス海岸
198,宮沢賢治
199, 夏休みの十五日の農場実習の間に、私どもがイギリス海岸とあだ名をつけて、二日か三日ごと、仕事が一きりつくたびに、よく遊びに行った処がありました。
200, それは本とうは海岸ではなくて、いかにも海岸の風をした川の岸です。北上川の西岸でした。東の仙人峠から、遠野を通り土沢を過ぎ、北上山地を横截って来る冷たい猿ヶ石川の、北上川への落合から、少し下流の西岸でした。
201, イギリス海岸には、青白い凝灰質の泥岩が、川に沿ってずいぶん広く露出し、その南のはじに立ちますと、北のはずれに居る人は、小指の先よりもっと小さく見えました。
202, 殊にその泥岩層は、川の水の増すたんび、奇麗に洗われるものですから、何とも云えず青白くさっぱりしていました。
203, 所々には、水増しの時できた小さな壺穴の痕や、またそれがいくつも続いた浅い溝、それから亜炭のかけらだの、枯れた蘆きれだのが、一列にならんでいて、前の水増しの時にどこまで水が上ったかもわかるのでした。
204, 日が強く照るときは岩は乾いてまっ白に見え、たて横に走ったひび割れもあり、大きな帽子を冠ってその上をうつむいて歩くなら、影法師は黒く落ちましたし、全くもうイギリスあたりの白堊の海岸を歩いているような気がするのでした。
205, 町の小学校でも石の巻の近くの海岸に十五日も生徒を連れて行きましたし、隣りの女学校でも臨海学校をはじめていました。
206, けれども私たちの学校ではそれはできなかったのです。ですから、生れるから北上の河谷の上流の方にばかり居た私たちにとっては、どうしてもその白い泥岩層をイギリス海岸と呼びたかったのです。
207, それに実際そこを海岸と呼ぶことは、無法なことではなかったのです。なぜならそこは第三紀と呼ばれる地質時代の終り頃、たしかにたびたび海の渚だったからでした。その証拠には、第一にその泥岩は、東の北上山地のへりから、西の中央分水嶺の麓まで、一枚の板のようになってずうっとひろがっていました。ただその大部分がその上に積った洪積の赤砂利や※※、それから沖積の砂や粘土や何かに被われて見えないだけのはなしでした。それはあちこちの川の岸や崖の脚には、きっとこの泥岩が顔を出しているのでもわかりましたし、また所々で掘り抜き井戸を穿ったりしますと、じきこの泥岩層にぶっつかるのでもしれました。
208, 第二に、この泥岩は、粘土と火山灰とまじったもので、しかもその大部分は静かな水の中で沈んだものなことは明らかでした。たとえばその岩には沈んでできた縞のあること、木の枝や茎のかけらの埋もれていること、ところどころにいろいろな沼地に生える植物が、もうよほど炭化してはさまっていること、また山の近くには細かい砂利のあること、殊に北上山地のへりには所々この泥岩層の間に砂丘の痕らしいものがはさまっていることなどでした。そうしてみると、いま北上の平原になっている所は、一度は細長い幅三里ばかりの大きなたまり水だったのです。
209, ところが、第三に、そのたまり水が塩からかった証拠もあったのです。それはやはり北上山地のへりの赤砂利から、牡蠣や何か、半鹹のところにでなければ住まない介殻の化石が出ました。
210, そうしてみますと、第三紀の終り頃、それは或は今から五、六十万年或は百万年を数えるかも知れません、その頃今の北上の平原にあたる処は、細長い入海か鹹湖で、その水は割合浅く、何万年の永い間には処々水面から顔を出したりまた引っ込んだり、火山灰や粘土が上に積ったりまたそれが削られたりしていたのです。その粘土は西と東の山地から、川が運んで流し込んだのでした。その火山灰は西の二列か三列の石英粗面岩の火山が、やっとしずまった処ではありましたが、やっぱり時々噴火をやったり爆発をしたりしていましたので、そこから降って来たのでした。
211, その頃世界には人はまだ居なかったのです。殊に日本はごくごくこの間、三、四千年前までは、全く人が居なかったと云いますから、もちろん誰もそれを見てはいなかったでしょう。その誰も見ていない昔の空がやっぱり繰り返し繰り返し曇ったりまた晴れたり、海の一とこがだんだん浅くなってとうとう水の上に顔を出し、そこに草や木が茂り、ことにも胡桃の木が葉をひらひらさせ、ひのきやいちいがまっ黒にしげり、しげったかと思うと忽ち西の方の火山が赤黒い舌を吐き、軽石の火山礫は空もまっくらになるほど降って来て、木は圧し潰され、埋められ、まもなくまた水が被さって粘土がその上につもり、全くまっくらな処に埋められたのでしょう。考えても変な気がします。そんなことはほんとうだろうかとしか思われません。ところがどうも仕方ないことは、私たちのイギリス海岸では、川の水からよほどはなれた処に、半分石炭に変った大きな木の根株が、その根を泥岩の中に張り、そのみきと枝を軽石の火山礫層に圧し潰されて、ぞろっとならんでいました。尤もそれは間もなく日光にあたってぼろぼろに裂け、度々の出水に次から次と削られて行きましたが、新らしいものもまた出て来ました。そしてその根株のまわりから、ある時私たちは四十近くの半分炭化したくるみの実を拾いました。それは長さが二寸ぐらい、幅が一寸ぐらい、非常に細長く尖った形でしたので、はじめは私どもは上の重い地層に押し潰されたのだろうとも思いましたが、縦に埋まっているのもありましたし、やっぱりはじめからそんな形だとしか思われませんでした。
212, それからはんの木の実も見附かりました。小さな草の実もたくさん出て来ました。
213, この百万年昔の海の渚に、今日は北上川が流れています。昔、巨きな波をあげたり、じっと寂まったり、誰も誰も見ていない所でいろいろに変ったその巨きな鹹水の継承者は、今日は波にちらちら火を点じ、ぴたぴた昔の渚をうちながら夜昼南へ流れるのです。
214, ここを海岸と名をつけたってどうしていけないといわれましょうか。
215, それにも一つここを海岸と考えていいわけは、ごくわずかですけれども、川の水が丁度大きな湖の岸のように、寄せたり退いたりしたのです。それは向う側から入って来る猿ヶ石川とこちらの水がぶっつかるためにできるのか、それとも少し上流がかなりけわしい瀬になってそれがこの泥岩層の岸にぶっつかって戻るためにできるのか、それとも全くほかの原因によるのでしょうか、とにかく日によって水が潮のように差し退きするときがあるのです。
216, そうです。丁度一学期の試験が済んでその採点も終りあとは三十一日に成績を発表して通信簿を渡すだけ、私のほうから云えばまあそうです、農場の仕事だってその日の午前で麦の運搬も終り、まあ一段落というそのひるすぎでした。私たちは今年三度目、イギリス海岸へ行きました。瀬川の鉄橋を渡り牛蒡や甘藍が青白い葉の裏をひるがえす畑の間の細い道を通りました。
217, みちにはすずめのかたびらが穂を出していっぱいにかぶさっていました。私たちはそこから製板所の構内に入りました。製板所の構内だということはもくもくした新らしい鋸屑が敷かれ、鋸の音が気まぐれにそこを飛んでいたのでわかりました。鋸屑には日が照って恰度砂のようでした。砂の向うの、青い水と救助区域の赤い旗と、向うのブリキ色の雲とを見たとき、いきなり私どもはスウェーデンの峡湾にでも来たような気がしてどきっとしました。たしかにみんなそう云う気もちらしかったのです。製板の小屋の中は藍いろの影になり、白く光る円鋸が四、五梃壁にならべられ、その一梃は軸にとりつけられて幽霊のようにまわっていました。
218, 私たちはその横を通って川の岸まで行ったのです。草の生えた石垣の下、さっきの救助区域の赤い旗の下には筏もちょうど来ていました。花城や花巻の生徒がたくさん泳いでおりました。けれども元来私どもはイギリス海岸に行こうと思ったのでしたからだまってそこを通りすぎました。そしてそこはもうイギリス海岸の南のはじなのでした。私たちでなくたって、折角川の岸までやって来ながらその気持ちのいい所に行かない人はありません。町の雑貨商店や金物店の息子たち、夏やすみで帰ったあちこちの中等学校の生徒、それからひるやすみの製板の人たちなどが、あるいは裸になって二人、三人ずつそのまっ白な岩に座ったり、また網シャツやゆるい青の半ずぼんをはいたり、青白い大きな麦稈帽をかぶったりして歩いているのを見ていくのは、ほんとうにいい気持でした。
219, そしてその人たちが、みな私どもの方を見てすこしわらっているのです。殊に一番いいことは、最上等の外国犬が、向うから黒い影法師と一緒に、一目散に走って来たことでした。実にそれはロバートとでも名の附きそうなもじゃもじゃした大きな犬でした。
220,「ああ、いいな。」私どもは一度に叫びました。誰だって夏海岸へ遊びに行きたいと思わない人があるでしょうか。殊にも行けたら、そしてさらわれて紡績工場などへ売られてあんまりひどい目にあわないなら、フランスかイギリスか、そう云う遠い所へ行きたいと誰も思うのです。
221, 私たちは忙しく靴やずぼんを脱ぎ、その冷たい少し濁った水へ次から次と飛び込みました。全くその水の濁りようときたら素敵に高尚なもんでした。その水へ半分顔を浸して泳ぎながら横目で海岸の方を見ますと、泥岩の向うのはずれは高い草の崖になって木もゆれ雲もまっ白に光りました。
222, それから私たちは泥岩の出張った処に取りついてだんだん上りました。一人の生徒はスイミングワルツの口笛を吹きました。私たちのなかでは、ほんとうのオーケストラを、見たものも聴いたことのあるものも少なかったのですから、もちろんそれは町の洋品屋の蓄音器から来たのですけれども、恰度そのように冷い水は流れたのです。
223, 私たちは泥岩層の上をあちこちあるきました。所々に壺穴の痕があって、その中には小さな円い砂利が入っていました。
224,「この砂利がこの壺穴を穿るのです。水がこの上を流れるでしょう、石が水の底でザラザラ動くでしょう。まわったりもするでしょう、だんだん岩が穿れていくのです。」
225, また、赤い酸化鉄の沈んだ岩の裂け目に沿って、層がずうっと溝になって窪んだところもありました。それは沢山の壺穴を連結してちょうどひょうたんをつないだように見えました。
226,「こう云う溝は水の出るたんびにだんだん深くなるばかりです。なぜなら流されて行く砂利はあまりこの高い所を通りません。溝の中ばかりころんで行きます。溝は深くなる一方でしょう。水の中をごらんなさい。岩がたくさん縦の棒のようになっています。みんなこれです。」
227,「ああ、騎兵だ、騎兵だ。」誰かが南を向いて叫びました。
228, 下流のまっ青な水の上に、朝日橋がくっきり黒く一列浮び、そのらんかんの間を白い上着を着た騎兵たちがぞろっと並んで行きました。馬の足なみがかげろうのようにちらちらちらちら光りました。それは一中隊ぐらいで、鉄橋の上を行く汽車よりはもっとゆるく、小学校の遠足の列よりはも少し早く、たぶんは中隊長らしい人を先頭にだんだん橋を渡って行きました。
229,「どごさ行ぐのだべ。」
230,「水馬演習でしょう。白い上着を着ているし、きっと裸馬だろう。」
231,「こっちさ来るどいいな。」
232,「来るよ、きっと。大てい向う岸のあの草の中から出て来ます。兵隊だって誰だって気持ちのいい所へは来たいんだ。」
233, 騎兵はだんだん橋を渡り、最后の一人がぽろっと光って、それからみんな見えなくなりました。と思うと、またこっちの袂から一人がだくでかけて行きました。私たちはだまってそれを見送りました。
234, けれども、全く見えなくなると、そのこともだんだん忘れるものです。私たちはまた冷たい水に飛び込んで、小さな湾になった所を泳ぎまわったり、岩の上を走ったりしました。
235, 誰かが岩の中に埋もれた小さな植物の根のまわりに、水酸化鉄の茶いろな環が、何重もめぐっているのを見附けました。それははじめからあちこち沢山あったのです。
236,「どうしてこの環、出来だのす。」
237,「この出来かたはむずかしいのです。膠質体のことをも少し詳しくやってからでなければわかりません。けれどもとにかくこれは電気の作用です。この環はリーゼガングの環と云います。実験室でもこさえられます。あとで土壌のほうでも説明します。腐植質磐層というものも似たようなわけでできるのですから。」私は毎日の実習で疲れていましたので、長い説明が面倒くさくてこう答えました。
238, それからしばらくたって、ふと私は川の向う岸を見ました。せいの高い二本のでんしんばしらが、互によりかかるようにして一本の腕木でつらねられてありました。そのすぐ下の青い草の崖の上に、まさしく一人のカアキイ色の将校と大きな茶いろの馬の頭とが出て来ました。
239,「来た、来た、とうとうやって来た。」みんなは高く叫びました。
240,「水馬演習だ。向う側へ行こう。」こう云いながら、そのまっ白なイギリス海岸を上流にのぼり、そこから向う側へ泳いで行く人もたくさんありました。
241, 兵隊は一列になって、崖をななめに下り、中にはさきに黒い鉤のついた長い竿を持った人もありました。
242, 間もなく、みんなは向う側の草の生えた河原に下り、六列ばかりに横にならんで馬から下り、将校の訓示を聞いていました。それが中々永かったのでこっち側に居る私たちは実際あきてしまいました。いつになったら兵隊たちがみな馬のたてがみに取りついて、泳いでこっちへ来るのやらすっかり待ちあぐねてしまいました。さっき川を越えて見に行った人たちも、浅瀬に立って将校の訓示を聞いていましたが、それもどうも面白くて聞いているようにも見え、またつまらなそうにも見えるのでした。うるんだ夏の雲の下です。
243, そのうちとうとう二隻の舟が川下からやって来て、川のまん中にとまりました。兵隊たちはいちばんはじの列から馬をひいてだんだん川へ入りました。馬の蹄の底の砂利をふむ音と水のばちゃばちゃはねる音とが遠くの遠くの夢の中からでも来るように、こっち岸の水の音を越えてやって来ました。私たちはいまにだんだん深い処へさえ来れば、兵隊たちはたてがみにとりついて泳ぎ出すだろうと思って待っていました。ところが先頭の兵隊さんは舟のところまでやって来ると、ぐるっとまわって、また向うへ戻りました。みんなもそれに続きましたので列は一つの環になりました。
244,「なんだ、今日はただ馬を水にならすためだ。」私たちはなんだかつまらないようにも思いましたが、また、あんな浅い処までしか馬を入れさせずそれに舟を二隻も用意したのを見てどこか大へん力強い感じもしました。それから私たちは養蚕の用もありましたので急いで学校に帰りました。
245, その次には私たちはただ五人で行きました。
246, はじめはこの前の湾のところだけ泳いでいましたがそのうちだんだん川にもなれてきて、ずうっと上流の波の荒い瀬のところから海岸のいちばん南のいかだのあるあたりへまでも行きました。そして、疲れて、おまけに少し寒くなりましたので、海岸の西の堺のあの古い根株やその上につもった軽石の火山礫層の処に行きました。
247, その日私たちは完全なくるみの実も二つ見附けたのです。火山礫の層の上には前の水増しの時の水が、沼のようになって処々溜っていました。私たちはその溜り水から堰をこしらえて滝にしたり発電処のまねをこしらえたり、ここはオーバアフロウだの何の永いこと遊びました。
248, その時、あの下流の赤い旗の立っているところに、いつも腕に赤いきれを巻きつけて、はだかに半天だけ一枚着てみんなの泳ぐのを見ている三十ばかりの男が、一梃の鉄梃をもって下流の方から溯って来るのを見ました。その人は、町から、水泳で子供らの溺れるのを助けるために雇われて来ているのでしたが、何ぶんひまに見えたのです。今日だって実際ひまなもんだから、ああやって用もない鉄梃なんかかついで、動かさなくてもいい途方もない大きな石を動かそうとしてみたり、丁度私どもが遊びにしている発電所のまねなどを、鉄梃まで使って本統にごつごつ岩を掘って、浮岩の層のたまり水を干そうとしたりしているのだと思うと、私どもは実は少しおかしくなったのでした。
249, ですからわざと真面目な顔をして、
250,「ここの水少し干したほういいな、鉄梃を貸しませんか。」と云うものもありました。
251, するとその男は鉄梃でとんとんあちこち突いてみてから、
252,「ここら、岩も柔いようだな。」と云いながらすなおに私たちに貸し、自分はまた上流の波の荒いところに集っている子供らの方へ行きました。すると子供らは、その荒いブリキ色の波のこっち側で、手をあげたり脚を俥屋さんのようにしたり、みんなちりぢりに遁げるのでした。私どもはははあ、あの男はやっぱりどこか足りないな、だから子供らが鬼のようにこわがっているのだと思って遠くから笑って見ていました。
253, さてその次の日も私たちはイギリス海岸に行きました。
254, その日は、もう私たちはすっかり川の心持ちになれたつもりで、どんどん上流の瀬の荒い処から飛び込み、すっかり疲れるまで下流の方へ泳ぎました。下流であがってはまた野蛮人のようにその白い岩の上を走って来て上流の瀬にとびこみました。それでもすっかり疲れてしまうと、また昨日の軽石層のたまり水の処に行きました。救助係はその日はもうちゃんとそこに来ていたのです。腕には赤い巾を巻き鉄梃も持っていました。
255,「お暑うござ※す。」私が挨拶しましたらその人は少しきまり悪そうに笑って、
256,「なあに、おうちの生徒さんぐらい大きな方ならあぶないこともないのですが一寸来てみたところです。」と云うのでした。なるほど私たちの中でたしかに泳げるものはほんとうに少かったのです。もちろん何かの張合で誰かが溺れそうになったとき間違いなくそれを救えるというくらいのものは一人もありませんでした。だんだん談してみると、この人はずいぶんよく私たちを考えていてくれたのです。救助区域はずうっと下流の筏のところなのですが、私たちがこの気もちよいイギリス海岸に来るのを止めるわけにもいかず、時々別の用のあるふりをして来て見ていてくれたのです。もっと談しているうちに私はすっかりきまり悪くなってしまいました。なぜなら誰でも自分だけは賢く、人のしていることは馬鹿げて見えるものですが、その日そのイギリス海岸で、私はつくづくそんな考のいけないことを感じました。からだを刺されるようにさえ思いました。はだかになって、生徒といっしょに白い岩の上に立っていましたが、まるで太陽の白い光に責められるように思いました。全くこの人は、救助区域があんまり下流の方で、とてもこのイギリス海岸まで手が及ばず、それにもかかわらず私たちをはじめみんなこっちへも来るし、殊に小さな子供らまでが、何べん叱られてもあのあぶない瀬の処に行っていて、この人の形を遠くから見ると、遁げてどての蔭や沢のはんのきのうしろにかくれるものですから、この人は町へ行って、もう一人、人を雇うかそうでなかったら救助の浮標を浮べてもらいたいと話しているというのです。
257, そうしてみると、昨日あの大きな石を用もないのに動かそうとしたのもその浮標の重りに使う心組からだったのです。おまけにあの瀬の処では、早くにも溺れた人もあり、下流の救助区域でさえ、今年になってから二人も救ったというのです。いくら昨日までよく泳げる人でも、今日のからだ加減では、いつ水の中で動けないようになるかわからないというのです。何気なく笑って、その人と談してはいましたが、私はひとりで烈しく烈しく私の軽率を責めました。実は私はその日までもし溺れる生徒ができたら、こっちはとても助けることもできないし、ただ飛び込んでいって一緒に溺れてやろう、死ぬことの向う側まで一緒についていってやろうと思っていただけでした。全く私たちにはそのイギリス海岸の夏の一刻がそんなにまで楽しかったのです。そして私は、それが悪いことだとは決して思いませんでした。
258, さてその人と私らは別れましたけれども、今度はもう要心して、あの十間ばかりの湾の中でしか泳ぎませんでした。
259, その時、海岸のいちばん北のはじまで溯って行った一人が、まっすぐに私たちの方へ走って戻って来ました。
260,「先生、岩に何かの足痕あらんす。」
261, 私はすぐ壺穴の小さいのだろうと思いました。第三紀の泥岩で、どうせ昔の沼の岸ですから、何か哺乳類の足痕のあることもいかにもありそうなことだけれども、教室でだって手獣の足痕の図まで黒板に書いたのだし、どうせそれが頭にあるから壺穴までそんな工合に見えたんだと思いながら、あんまり気乗りもせずにそっちへ行ってみました。ところが私はぎくりとしてつっ立ってしまいました。みんなも顔色を変えて叫んだのです。
262, 白い火山灰層のひとところが、平らに水で剥がされて、浅い幅の広い谷のようになっていましたが、その底に二つずつ蹄の痕のある大さ五寸ばかりの足あとが、幾つか続いたりぐるっとまわったり、大きいのや小さいのや、実にめちゃくちゃについているではありませんか。その中には薄く酸化鉄が沈澱してあたりの岩から実にはっきりしていました。たしかに足痕が泥につくや否や、火山灰がやって来てそれをそのまま保存したのです。私ははじめは粘土でその型をとろうと思いました。一人がその青い粘土も持って来たのでしたが、蹄の痕があんまり深過ぎるので、どうもうまくいきませんでした。私は「あした石膏を用意して来よう」とも云いました。けれどもそれよりいちばんいいことはやっぱりその足あとを切り取って、そのまま学校へ持って行って標本にすることでした。どうせまた水が出れば火山灰の層が剥げて、新らしい足あとの出るのはたしかでしたし、今のは構わないでおいてもすぐ壊れることが明らかでしたから。
263, 次の朝早く私は実習を掲示する黒板にこう書いておきました。
264,     八月八日
265,農場実習 午前八時半より正午まで
266,  除草、追肥   第一、七組
267,  蕪菁播種    第三、四組
268,  甘藍中耕    第五、六組
269,  養蚕実習    第二組
270,(午后イギリス海岸に於て第三紀偶蹄類の足跡標本を採収すべきにより希望者は参加すべし。)
271, そこで正直を申しますと、この小さな「イギリス海岸」の原稿は八月六日あの足あとを見つける前の日の晩宿直室で半分書いたのです。私はあの救助係の大きな石を鉄梃で動かすあたりから、あとは勝手に私の空想を書いていこうと思っていたのです。ところが次の日救助係がまるでちがった人になってしまい、泥岩の中からは空想よりももっと変なあしあとなどが出てきたのです。その半分書いた分だけを実習がすんでから教室でみんなに読みました。
272, それを読んでしまうかしまわないうち、私たちは一ぺんに飛び出してイギリス海岸へ出かけたのです。
273, 丁度この日は校長も出張から帰って来て、学校に出ていました。黒板を見てわらっていました、それから繭を売るのが済んだら自分も行こうと云うのでした。私たちは新らしい鋼鉄の三本鍬一本と、ものさしや新聞紙などを持って出て行きました。海岸の入口に来てみますと水はひどく濁っていましたし、雨も少し降りそうでした。雲が大へんけわしかったのです。救助係に私は今日は少しのお礼をしようと思ってその支度もして来たのでしたがその人はいつもの処に見えませんでした。私たちはまっすぐにそのイギリス海岸を昨日の処に行きました。それからていねいにあのあやしい化石を掘りはじめました。気がついてみると、みんな大抵ポケットに除草鎌を持ってきているのでした。岩が大へん柔らかでしたから大丈夫それで削れる見当がついていたのでした。もうあちこちで掘り出されました。私はせわしくそれをとめて、二つの足あとの間隔をはかったり、スケッチをとったりしなければなりませんでした。足あとを二つつづけて取ろうとしている人もありましたし、も少しのところでこわした人もありました。
274, まだ上流の方にまた別のがあると、一人の生徒が云って走って来ました。私は暑いので、すっかりはだかになって泳ぐ時のようなかたちをしていましたが、すぐその白い岩を走って行ってみました。そのあしあとは、いままでのとはまるで形もちがい、よほど小さかったのです、あるものは水の中にありました。水がもっと退いたらまだまだ沢山出るだろうと思われました。その上流の方から、南のイギリス海岸のまん中で、みんなの一生けん命掘り取っているのを見ますと、こんどはそこは英国でなく、イタリヤのポンペイの火山灰の中のように思われるのでした。殊に四、五人の女たちが、けばけばしい色の着物を着て、向うを歩いていましたし、おまけに雲がだんだんうすくなって日がまっ白に照ってきたからでした。
275, いつか校長も黄いろの実習服を着て来ていました。そして足あとはもう四つまで完全にとられたのです。
276, 私たちはそれを汀まで持って行って洗いそれからそっと新聞紙に包みました。大きなのは三貫目もあったでしょう。掘り取るのが済んであの荒い瀬の処から飛び込んで行くものもありました。けれども私はその溺れることを心配しませんでした。なぜなら生徒より前に、もう校長が飛び込んでいてごくゆっくり泳いで行くのでしたから。
277, しばらくたって私たちはみんなでそれを持って学校へ帰りました。そしてさっきも申しましたようにこれは昨日のことです。今日は実習の九日目です。朝から雨が降っていますので外の仕事はできません。うちの中で図を引いたりして遊ぼうと思うのです。これから私たちにはまだ麦こなしの仕事が残っています。天気が悪くてよく乾かないで困ります。麦こなしは芒がえらえらからだに入って大へんつらい仕事です。百姓の仕事の中ではいちばんいやだとみんなが云います。この辺ではこの仕事を夏の病気とさえ云います。けれども全くそんな風に考えてはすみません。私たちはどうにかしてできるだけ面白くそれをやろうと思うのです。(一九二三、八、九、)
278,イーハトーボ農学校の春
279,宮沢賢治
280, 太陽マジックのうたはもう青ぞらいっぱい、ひっきりなしにごうごうごうごう鳴っています。
281, わたしたちは黄いろの実習服を着て、くずれかかった煉瓦の肥溜のとこへあつまりました。
282, 冬中いつも唇が青ざめて、がたがたふるえていた阿部時夫などが、今日はまるでいきいきした顔いろになってにかにかにかにか笑っています。ほんとうに阿部時夫なら、冬の間からだが悪かったのではなくて、シャツを一枚しかもっていなかったのです。それにせいが高いので、教室でもいちばん火に遠いこわれた戸のすきまから風のひゅうひゅう入って来る北東の隅だったのです。
283, けれども今日は、こんなにそらがまっ青で、見ているとまるでわくわくするよう、かれくさも桑ばやしの黄いろの脚もまばゆいくらいです。おまけに堆肥小屋の裏の二きれの雲は立派に光っていますし、それにちかくの空ではひばりがまるで砂糖水のようにふるえて、すきとおった空気いっぱいやっているのです。もう誰だって胸中からもくもく湧いてくるうれしさに笑い出さないでいられるでしょうか。そうでなければ無理に口を横に大きくしたり、わざと額をしかめたりしてそれをごまかしているのです。
284,(コロナは六十三万二百
285, ※......
286, ※......
287, ああきれいだ、まるでまっ赤な花火のようだよ。)
288, それはリシウムの紅焔でしょう。ほんとうに光炎菩薩太陽マジックの歌はそらにも地面にもちからいっぱい、日光の小さな小さな菫や橙や赤の波といっしょに一生けん命に鳴っています。カイロ男爵だって早く上等の絹のフロックを着て明るいとこへ飛びだすがいいでしょう。
289, 楊の木の中でも樺の木でも、またかれくさの地下茎でも、月光いろの甘い樹液がちらちらゆれだし、早い萱草やつめくさの芽にはもう黄金いろのちいさな澱粉の粒がつうつう浮いたり沈んだりしています。
290,(※......
291, コロナは三十七万十九
292, ※......
293, ※......                    )
294, くずれかかった煉瓦の肥溜の中にはビールのように泡がもりあがっています。さあ順番に桶に汲み込もう。そこらいっぱいこんなにひどく明るくて、ラジウムよりももっとはげしく、そしてやさしい光の波が一生けん命一生けん命ふるえているのに、いったいどんなものがきたなくてどんなものがわるいのでしょうか。もうどんどん泡があふれ出してもいいのです。青ぞらいっぱい鳴っているあのりんとした太陽マジックの歌をお聴きなさい。
295,(コロナは六十七万四千
296, ※......
297, ※......                    )
298, さあ、ではみんなでこいつを下台の麦ばたけまで持って行こう、こっちの崖はあんまり急ですからやっぱり女学校の裏をまわって楊の木のあるとこの坂をおりて行きましょう。大丈夫二十分かかりません。なるべくせいの似たような人と、二人で一つずつかついで下さい。そうです、町の裏を通って行くのです。阿部君はいっしょに行くひとがない、それはぼくといっしょに行こう。ああ鳴っている、鳴っている、そこらいちめん鳴っている太陽マジックの歌をごらんなさい。
299,(※......
300, ※......
301, コロナは八十三万五百
302, ※......
303, ※......                    )
304, まぶしい山の雪の反射です。わたくしがはたらきながら、また重いものをはこびながら、手で水をすくうことも考えることのできないときは、そこから白びかりが氷のようにわたくしの咽喉に寄せてきて、こくっとわたくしの咽喉を鳴らし、すっかりなおしてしまうのです。それにいまならぼくたちの膝はまるで上等のばねのようです。去年の秋のようにあんなつめたい風のなかなら仕事もずいぶんひどかったのですけれども、いまならあんまり楽でただ少し肩の重苦しいのをこらえるだけです。それだって却って胸があつくなっていい気持なくらいです。
305,(コロナは六十三万十五
306, ※......
307, ※......                    )
308, おおこまどり、鳴いて行く鳴いて行く、音譜のように飛んで行きます。赤い上着でどこまで今日はかけて行くの。いいねえ、ほんとうに、
309,かえれ、こまどり、アカシヤづくり。
310,赤の上着に野やまを越えて
311,(※......
312, ※......
313, コロナは三十七万二千
314, ※......                    )
315, そこの角から赤髪の子供がひとり、こっちをのぞいてわらっています。おい、大将、証書はちゃんとしまったかい。筆記帳には組と名前を楷書で書いてしまったの。
316, さあ、春だ、うたったり走ったり、とびあがったりするがいい。風野又三郎だって、もうガラスのマントをひらひらさせ大よろこびで髪をぱちゃぱちゃやりながら野はらを飛んであるきながら春が来た、春が来たをうたっているよ。ほんとうにもう、走ったりうたったり、飛びあがったりするがいい。ぼくたちはいまいそがしいんだよ。
317,(コロナは八万三千十九
318, ※......
319, ※......                    )
320, 砂土がやわらかい匂の息をはいています。いままでやすんでいた虫どもが、ぼんやりといま眼をさまし、しずかに息をするらしいのです。麦はつやつや光っています。雪の下からうまくとけて出て青い麦です。早く走って行こう、かけさえしたらすぐに麦は吸い込むのだ。
321,(コロナは八万三千十九)
322, わたくしたちが柄杓で肥を麦にかければ、水はどうしてそんなにまだ力も入れないうちに水銀のように青く光り、たまになって麦の上に飛びだすのでしょう、また砂土がどうしてあんなにのどの乾いた子どもの水を呑むように肥を吸い込むのでしょう。もうほんとうにそうでなければならないから、それがただひとつのみちだからひとりでどんどんそうなるのです。
323,(コロナは十万八千二百
324, ※......
325, ※......                    )
326, こんどは帰りはわたくしたちは近みちをしてあの急な坂をのぼりましょう。あすこの坂なら杉の木が昆布かびろうどのようです。阿部君、だまってそらを見ながらあるいていて一体何を見ているの。そうそう、青ぞらのあんな高いとこ、巻雲さえ浮びそうに見えるとこを、三羽の鷹かなにかの鳥が、それとも鶴かスワンでしょうか、三またの槍の穂のようにはねをのばして白く光ってとんで行きます。
327,(コロナは三十七万二百
328, ※......
329, ※......                    )
330, おや、このせきの去年のちいさな丸太の橋は、雪代水で流れたな、からだだけならすぐ跳べるんだが肥桶をどうしような。阿部君、まず跳び越えてください。うまい、少しぐちゃっと苔にはいったけれども、まあいいねえ、それではぼくはいまこっちで桶をつるすから、そっちでとってくれ給え。そら、重い、ぼくは起重機の一種だよ。重い、ほう、天びん棒がひとりでに、磁石のように君の手へ吸い着いて行った。太陽マジックなんだほんとうに。うまい。
331,(※......
332, ※......                    )
333, 楊の木でも樺の木でも、燐光の樹液がいっぱい脈をうっています。
334,インドラの網
335,宮沢賢治
336, そのとき私は大へんひどく疲れていてたしか風と草穂との底に倒れていたのだとおもいます。
337, その秋風の昏倒の中で私は私の錫いろの影法師にずいぶん馬鹿ていねいな別れの挨拶をやっていました。
338, そしてただひとり暗いこけももの敷物を踏んでツェラ高原をあるいて行きました。
339, こけももには赤い実もついていたのです。
340, 白いそらが高原の上いっぱいに張って高陵産の磁器よりもっと冷たく白いのでした。
341, 稀薄な空気がみんみん鳴っていましたがそれは多分は白磁器の雲の向うをさびしく渡った日輪がもう高原の西を劃る黒い尖々の山稜の向うに落ちて薄明が来たためにそんなに軋んでいたのだろうとおもいます。
342, 私は魚のようにあえぎながら何べんもあたりを見まわしました。
343, ただ一かけの鳥も居ず、どこにもやさしい獣のかすかなけはいさえなかったのです。
344,(私は全体何をたずねてこんな気圏の上の方、きんきん痛む空気の中をあるいているのか。)
345, 私はひとりで自分にたずねました。
346, こけももがいつかなくなって地面は乾いた灰いろの苔で覆われところどころには赤い苔の花もさいていました。けれどもそれはいよいよつめたい高原の悲痛を増すばかりでした。
347, そしていつか薄明は黄昏に入りかわられ、苔の花も赤ぐろく見え西の山稜の上のそらばかりかすかに黄いろに濁りました。
348, そのとき私ははるかの向うにまっ白な湖を見たのです。
349,(水ではないぞ、また曹達や何かの結晶だぞ。いまのうちひどく悦んで欺されたとき力を落しちゃいかないぞ。)私は自分で自分に言いました。
350, それでもやっぱり私は急ぎました。
351, 湖はだんだん近く光ってきました。間もなく私はまっ白な石英の砂とその向うに音なく湛えるほんとうの水とを見ました。
352, 砂がきしきし鳴りました。私はそれを一つまみとって空の微光にしらべました。すきとおる複六方錐の粒だったのです。
353,(石英安山岩か流紋岩から来た。)
354, 私はつぶやくようにまた考えるようにしながら水際に立ちました。
355,(こいつは過冷却の水だ。氷相当官なのだ。)私はも一度こころの中でつぶやきました。
356, 全く私のてのひらは水の中で青じろく燐光を出していました。
357, あたりが俄にきいんとなり、
358,(風だよ、草の穂だよ。ごうごうごうごう。)こんな語が私の頭の中で鳴りました。まっくらでした。まっくらで少しうす赤かったのです。
359, 私はまた眼を開きました。
360, いつの間にかすっかり夜になってそらはまるですきとおっていました。素敵に灼きをかけられてよく研かれた鋼鉄製の天の野原に銀河の水は音なく流れ、鋼玉の小砂利も光り岸の砂も一つぶずつ数えられたのです。
361, またその桔梗いろの冷たい天盤には金剛石の劈開片や青宝玉の尖った粒やあるいはまるでけむりの草のたねほどの黄水晶のかけらまでごく精巧のピンセットできちんとひろわれきれいにちりばめられそれはめいめい勝手に呼吸し勝手にぷりぷりふるえました。
362, 私はまた足もとの砂を見ましたらその砂粒の中にも黄いろや青や小さな火がちらちらまたたいているのでした。恐らくはそのツェラ高原の過冷却湖畔も天の銀河の一部と思われました。
363, けれどもこの時は早くも高原の夜は明けるらしかったのです。
364, それは空気の中に何かしらそらぞらしい硝子の分子のようなものが浮んできたのでもわかりましたが第一東の九つの小さな青い星で囲まれたそらの泉水のようなものが大へん光が弱くなりそこの空は早くも鋼青から天河石の板に変っていたことから実にあきらかだったのです。
365, その冷たい桔梗色の底光りする空間を一人の天が翔けているのを私は見ました。
366,(とうとうまぎれ込んだ、人の世界のツェラ高原の空間から天の空間へふっとまぎれこんだのだ。)私は胸を躍らせながら斯う思いました。
367, 天人はまっすぐに翔けているのでした。
368,(一瞬百由旬を飛んでいるぞ。けれども見ろ、少しも動いていない。少しも動かずに移らずに変らずにたしかに一瞬百由旬ずつ翔けている。実にうまい。)私は斯うつぶやくように考えました。
369, 天人の衣はけむりのようにうすくその瓔珞は昧爽の天盤からかすかな光を受けました。
370,(ははあ、ここは空気の稀薄が殆んど真空に均しいのだ。だからあの繊細な衣のひだをちらっと乱す風もない。)私はまた思いました。
371, 天人は紺いろの瞳を大きく張ってまたたき一つしませんでした。その唇は微かに哂いまっすぐにまっすぐに翔けていました。けれども少しも動かず移らずまた変りませんでした。
372,(ここではあらゆる望みがみんな浄められている。願いの数はみな寂められている。重力は互に打ち消され冷たいまるめろの匂いが浮動するばかりだ。だからあの天衣の紐も波立たずまた鉛直に垂れないのだ。)
373, けれどもそのとき空は天河石からあやしい葡萄瑪瑙の板に変りその天人の翔ける姿をもう私は見ませんでした。
374,(やっぱりツェラの高原だ。ほんの一時のまぎれ込みなどは結局あてにならないのだ。)斯う私は自分で自分に誨えるようにしました。けれどもどうもおかしいことはあの天盤のつめたいまるめろに似たかおりがまだその辺に漂っているのでした。そして私はまたちらっとさっきのあやしい天の世界の空間を夢のように感じたのです。
375,(こいつはやっぱりおかしいぞ。天の空間は私の感覚のすぐ隣りに居るらしい。みちをあるいて黄金いろの雲母のかけらがだんだんたくさん出て来ればだんだん花崗岩に近づいたなと思うのだ。ほんのまぐれあたりでもあんまり度々になるととうとうそれがほんとになる。きっと私はもう一度この高原で天の世界を感ずることができる。)私はひとりで斯う思いながらそのまま立っておりました。
376, そして空から瞳を高原に転じました。全く砂はもうまっ白に見えていました。湖は緑青よりももっと古びその青さは私の心臓まで冷たくしました。
377, ふと私は私の前に三人の天の子供らを見ました。それはみな霜を織ったような羅をつけすきとおる沓をはき私の前の水際に立ってしきりに東の空をのぞみ太陽の昇るのを待っているようでした。その東の空はもう白く燃えていました。私は天の子供らのひだのつけようからそのガンダーラ系統なのを知りました。またそのたしかに于※大寺の廃趾から発掘された壁画の中の三人なことを知りました。私はしずかにそっちへ進み愕かさないようにごく声低く挨拶しました。
378,「お早う、于※大寺の壁画の中の子供さんたち。」
379, 三人一緒にこっちを向きました。その瓔珞のかがやきと黒い厳めしい瞳。
380, 私は進みながらまた云いました。
381,「お早う。于※大寺の壁画の中の子供さんたち。」
382,「お前は誰だい。」
383, 右はじの子供がまっすぐに瞬もなく私を見て訊ねました。
384,「私は于※大寺を沙の中から掘り出した青木晃というものです。」
385,「何しに来たんだい。」少しの顔色もうごかさずじっと私の瞳を見ながらその子はまたこう云いました。
386,「あなたたちと一緒にお日さまをおがみたいと思ってです。」
387,「そうですか。もうじきです。」三人は向うを向きました。瓔珞は黄や橙や緑の針のようなみじかい光を射、羅は虹のようにひるがえりました。
388, そして早くもその燃え立った白金のそら、湖の向うの鶯いろの原のはてから熔けたようなもの、なまめかしいもの、古びた黄金、反射炉の中の朱、一きれの光るものが現われました。
389, 天の子供らはまっすぐに立ってそっちへ合掌しました。
390, それは太陽でした。厳かにそのあやしい円い熔けたようなからだをゆすり間もなく正しく空に昇った天の世界の太陽でした。光は針や束になってそそぎそこらいちめんかちかち鳴りました。
391, 天の子供らは夢中になってはねあがりまっ青な寂静印の湖の岸硅砂の上をかけまわりました。そしていきなり私にぶっつかりびっくりして飛びのきながら一人が空を指して叫びました。
392,「ごらん、そら、インドラの網を。」
393, 私は空を見ました。いまはすっかり青ぞらに変ったその天頂から四方の青白い天末までいちめんはられたインドラのスペクトル製の網、その繊維は蜘蛛のより細く、その組織は菌糸より緻密に、透明清澄で黄金でまた青く幾億互に交錯し光って顫えて燃えました。
394,「ごらん、そら、風の太鼓。」も一人がぶっつかってあわてて遁げながら斯う云いました。ほんとうに空のところどころマイナスの太陽ともいうように暗く藍や黄金や緑や灰いろに光り空から陥ちこんだようになり誰も敲かないのにちからいっぱい鳴っている、百千のその天の太鼓は鳴っていながらそれで少しも鳴っていなかったのです。私はそれをあんまり永く見て眼も眩くなりよろよろしました。
395,「ごらん、蒼孔雀を。」さっきの右はじの子供が私と行きすぎるときしずかに斯う云いました。まことに空のインドラの網のむこう、数しらず鳴りわたる天鼓のかなたに空一ぱいの不思議な大きな蒼い孔雀が宝石製の尾ばねをひろげかすかにクウクウ鳴きました。その孔雀はたしかに空には居りました。けれども少しも見えなかったのです。たしかに鳴いておりました。けれども少しも聞えなかったのです。
396, そして私は本統にもうその三人の天の子供らを見ませんでした。
397, 却って私は草穂と風の中に白く倒れている私のかたちをぼんやり思い出しました。
398,泉ある家
399,宮沢賢治
400, これが今日のおしまいだろう、と云いながら斉田は青じろい薄明の流れはじめた県道に立って崖に露出した石英斑岩から一かけの標本をとって新聞紙に包んだ。
401, 富沢は地図のその点に橙を塗って番号を書きながら読んだ。斉田はそれを包みの上に書きつけて背嚢に入れた。
402, 二人は早く重い岩石の袋をおろしたさにあとはだまって県道を北へ下った。
403, 道の左には地図にある通りの細い沖積地が青金の鉱山を通って来る川に沿って青くけむった稲を載せて北へ続いていた。山の上では薄明穹の頂が水色に光った。俄かに斉田が立ちどまった。道の左側が細い谷になっていてその下で誰かが屈んで何かしていた。見るとそこはきれいな泉になっていて粘板岩の裂け目から水があくまで溢れていた。
404,(一寸おたずねいたしますが、この辺に宿屋があるそうですがどっちでしょうか。)
405, 浴衣を着た髪の白い老人であった。その着こなしも風采も恩給でもとっている古い役人という風だった。蕗を泉に浸していたのだ。
406,(宿屋ここらにありません。)
407,(青金の鉱山できいて来たのですが、何でも鉱山の人たちなども泊めるそうで。)
408, 老人はだまってしげしげと二人の疲れたなりを見た。二人とも巨きな背嚢をしょって地図を首からかけて鉄槌を持っている。そしてまだまるでの子供だ。
409,(どっちからお出でになりました。)
410,(郡から土性調査をたのまれて盛岡から来たのですが。)
411,(田畑の地味のお調べですか。)
412,(まあそんなことで。)
413, 老人は眉を寄せてしばらく群青いろに染まった夕ぞらを見た。それからじつに不思議な表情をして笑った。
414,(青金で誰か申し上げたのはうちのことですが、何分汚ないし、いろいろ失礼ばかりあるので。)(いいえ、何もいらないので。)
415,(それではそのみちをおいでください。)
416, 老人はわずかに腰をまげて道と並行にそのまま谷をさがった。五、六歩行くとそこにすぐ小さな柾屋があった。みちから一間ばかり低くなって蘆をこっちがわに塀のように編んで立てていたのでいままで気がつかなかったのだ。老人は蘆の中につくられた四角なくぐりを通って家の横に出た。二人はみちから家の前におりた。
417,(とき、とき、お湯持って来。)老人は叫んだ。家のなかはしんとして誰も返事をしなかった。けれども富沢はその夕暗と沈黙の奥で誰かがじっと息をこらして聴き耳をたてているのを感じた。
418,(いまお湯をもって来ますから。)老人はじぶんでとりに行く風だった。(いいえ。さっきの泉で洗いますから、下駄をお借りして。)老人は新らしい山桐の下駄とも一つ縄緒の栗の木下駄を気の毒そうに一つもって来た。
419,(どうもこんな下駄で。)(いいえもう結構で。)
420, 二人はわらじを解いてそれからほこりでいっぱいになった巻脚絆をたたいて巻き俄かに痛む膝をまげるようにして下駄をもって泉に行った。泉はまるで一つの灌漑の水路のように勢よく岩の間から噴き出ていた。斉田はつくづくかがんでその暗くなった裂け目を見て云った。(断層泉だな。)(そうか。)
421, 富沢は蕗をつけてある下のところに足を入れてシャツをぬいで汗をふきながら云った。
422, 頭を洗ったり口をそそいだりして二人はさっきのくぐりを通って宿へ帰って来た。その煤けた天照大神と書いた掛物の床の間の前には小さなランプがついて二枚の木綿の座布団がさびしく敷いてあった。向うはすぐ台所の板の間で炉が切ってあって青い煙があがりその間にはわずかに低い二枚折の屏風が立っていた。
423, 二人はそこにあったもみくしゃの単衣を汗のついたシャツの上に着て今日の仕事の整理をはじめた。富沢は色鉛筆で地図を彩り直したり、手帳へ書き込んだりした。斉田は岩石の標本番号をあらためて包み直したりレッテルを張ったりした。そしてすっかり夜になった。
424, さっきから台所でことことやっていた二十ばかりの眼の大きな女がきまり悪そうに夕食を運んで来た。その剥げた薄い膳には干した川魚を煮た椀と幾片かの酸えた塩漬けの胡瓜を載せていた。二人はかわるがわる黙って茶椀を替えた。
425,(この家はあのおじいさんと今の女の人と二人切りなようだな。)膳が下げられて疲れ切ったようにねそべりながら斉田が低く云った。
426,(うん。あの女の人は孫娘らしい。亭主はきっと礦山へでも出ているのだろう。)ひるの青金の黄銅鉱や方解石に柘榴石のまじった粗鉱の堆を考えながら富沢は云った。女はまた入って来た。そして黙って押入れをあけて二枚のうすべりといの角枕をならべて置いてまた台所の方へ行った。
427, 二人はすっかり眠る積りでもなしにそこへ長くなった。そしてそのままうとうとした。
428,ダーダーダーダーダースコダーダー
429, 強い老人らしい声が剣舞の囃しを叫ぶのにびっくりして富沢は目をさました。台所の方で誰か三、四人の声ががやがやしているそのなかでいまの声がしたのだ。
430, ランプがいつか心をすっかり細められて障子には月の光が斜めに青じろく射している。盆の十六日の次の夜なので剣舞の太鼓でも叩いたじいさんらなのかそれともさっきのこのうちの主人なのかどっちともわからなかった。
431,(踊りはねるも三十がしまいって、さ。あんまりじさまの浮かれだのも見だぐなぃもんさ。)むっとしたような慓悍な三十台の男の声がした。そしてしばらくしんとした。
432,(雀百まで踊り忘れずでさ。)さっきの女らしい細い声が取りなした。
433,(女※引ぱりも百までさ。)またその慓悍な声が刺すように云った。そしてまたしんとした。そして心配そうな息をこくりとのむ音が近くにした。富沢は蚊帳の外にここの主人が寝ながらじっと台所の方へ耳をすましているのを半分夢のように見た。
434,(さあ帰って寝るかな。もっ切り二っつだな。そいでぁこいづと。)(戻るすか。)さっきの女の声がした。こっちではきせるをたんたん続けて叩いていた。(亦来るべぃさ。)何だか哀れに云って外へ出たらしい音がした。
435, あとはもう聞えないくらいの低い物言いで隣りの主人からは安心に似たようなしずかな波動がだんだんはっきりなった月あかりのなかを流れて来た。そして富沢はまたとろとろした。次々うつるひるのたくさんの青い山々の姿や、きらきら光るもやの奥を誰かが高く歌を歌いながら通ったと思ったら富沢はまた弱く呼びさまされた。おもての扉を誰か酔ったものが歌いながら烈しく叩いていて主人が「返事するな、返事するな。」と低く娘に云っていた。さっきの男も帰って娘もどこかに寝ているらしかった。「寝たのか、まだ明るぞ。起きろ。」
436, 外ではまたはげしくどなった。
437,(ああこんなに眠らなくては明日の仕事がひどい。)富沢は思いながら床の間の方にいた斉田を見た。
438, 斉田もはっきり目をあいていて低く鉱夫だなと云った。富沢は手をふって黙っていろと云った。こんなときものを云うのは老人にどうしても気の毒でたまらなかった。
439, 外ではいよいよ暴れ出した。とうとう娘が屏風の向うで起きた。そして(酔ったぐれ、大きらいだ。)とどうやらこっちを見ながらわびるように誘うようになまめかしく呟いた。そして足音もなく土間へおりて戸をあけた。外ではすぐしずまった。女はいろいろ細い声で訴えるようにしていた。男は酔っていないような声でみじかく何か訊きかえしたりしていた。それから二人はしばらく押問答をしていたが間もなく一人ともつかず二人ともつかず家のなかにはいって来てわずかに着物のうごく音などした。そしていっぱいに気兼ねや恥で緊張した老人が悲しくこくりと息を呑む音がまたした。
440,カイロ団長
441,宮沢賢治
442, あるとき、三十疋のあまがえるが、一緒に面白く仕事をやって居りました。
443, これは主に虫仲間からたのまれて、紫蘇の実やけしの実をひろって来て花ばたけをこしらえたり、かたちのいい石や苔を集めて来て立派なお庭をつくったりする職業でした。
444, こんなようにして出来たきれいなお庭を、私どもはたびたび、あちこちで見ます。それは畑の豆の木の下や、林の楢の木の根もとや、又雨垂れの石のかげなどに、それはそれは上手に可愛らしくつくってあるのです。
445, さて三十疋は、毎日大へん面白くやっていました。朝は、黄金色のお日さまの光が、とうもろこしの影法師を二千六百寸も遠くへ投げ出すころからさっぱりした空気をすぱすぱ吸って働き出し、夕方は、お日さまの光が木や草の緑を飴色にうきうきさせるまで歌ったり笑ったり叫んだりして仕事をしました。殊にあらしの次の日などは、あっちからもこっちからもどうか早く来てお庭をかくしてしまった板を起して下さいとか、うちのすぎごけの木が倒れましたから大いそぎで五六人来てみて下さいとか、それはそれはいそがしいのでした。いそがしければいそがしいほど、みんなは自分たちが立派な人になったような気がして、もう大よろこびでした。さあ、それ、しっかりひっぱれ、いいか、よいとこしょ、おい、ブチュコ、縄がたるむよ、いいとも、そらひっぱれ、おい、おい、ビキコ、そこをはなせ、縄を結んで呉れ、よういやさ、そらもう一いき、よおいやしゃ、なんてまあこんな工合です。
446, ところがある日三十疋のあまがえるが、蟻の公園地をすっかり仕上げて、みんなよろこんで一まず本部へ引きあげる途中で、一本の桃の木の下を通りますと、そこへ新らしい店が一軒出ていました。そして看板がかかって、
447,「舶来ウェスキイ 一杯、二厘半。」と書いてありました。
448, あまがえるは珍らしいものですから、ぞろぞろ店の中へはいって行きました。すると店にはうすぐろいとのさまがえるが、のっそりとすわって退くつそうにひとりでべろべろ舌を出して遊んでいましたが、みんなの来たのを見て途方もないいい声で云いました。
449,「へい、いらっしゃい。みなさん。一寸おやすみなさい。」
450,「なんですか。舶来のウェクーというものがあるそうですね。どんなもんですか。ためしに一杯呑ませて下さいませんか。」
451,「へい、舶来のウェスキイですか。一杯二厘半ですよ。ようござんすか。」
452,「ええ、よござんす。」
453, とのさまがえるは粟つぶをくり抜いたコップにその強いお酒を汲んで出しました。
454,「ウーイ。これはどうもひどいもんだ。腹がやけるようだ。ウーイ。おい、みんな、これはきたいなもんだよ。咽喉へはいると急に熱くなるんだ。ああ、いい気分だ。もう一杯下さいませんか。」
455,「はいはい。こちらが一ぺんすんでからさしあげます。」
456,「こっちへも早く下さい。」
457,「はいはい。お声の順にさしあげます。さあ、これはあなた。」
458,「いやありがとう、ウーイ。ウフッ、ウウ、どうもうまいもんだ。」
459,「こっちへも早く下さい。」
460,「はい、これはあなたです。」
461,「ウウイ。」
462,「おいもう一杯お呉れ。」
463,「こっちへ早くよ。」
464,「もう一杯早く。」
465,「へい、へい。どうぞお急きにならないで下さい。折角、はかったのがこぼれますから。へいと、これはあなた。」
466,「いや、ありがとう、ウーイ、ケホン、ケホン、ウーイうまいね。どうも。」
467, さてこんな工合で、あまがえるはお代りお代りで、沢山お酒を呑みましたが、呑めば呑むほどもっと呑みたくなります。
468, もっとも、とのさまがえるのウィスキーは、石油缶に一ぱいありましたから、粟つぶをくりぬいたコップで一万べんはかっても、一分もへりはしませんでした。
469,「おいもう一杯おくれ。」
470,「も一杯お呉れったらよう。早くよう。」
471,「さあ、早くお呉れよう。」
472,「へいへい。あなたさまはもう三百二杯目でございますがよろしゅうございますか。」
473,「いいよう。お呉れったらお呉れよう。」
474,「へいへい。よければさし上げます。さあ、」
475,「ウーイ、うまい。」
476,「おい、早くこっちへもお呉れ。」
477, そのうちにあまがえるは、だんだん酔がまわって来て、あっちでもこっちでも、キーイキーイといびきをかいて寝てしまいました。
478, とのさまがえるはそこでにやりと笑って、いそいですっかり店をしめて、お酒の石油缶にはきちんと蓋をしてしまいました。それから戸棚からくさりかたびらを出して、頭から顔から足のさきまでちゃんと着込んでしまいました。
479, それからテーブルと椅子をもって来て、きちんとすわり込みました。あまがえるはみんな、キーイキーイといびきをかいています。とのさまがえるはそこで小さなこしかけを一つ持って来て、自分の椅子の向う側に置きました。
480, それから棚から鉄の棒をおろして来て椅子へどっかり座って一ばんはじのあまがえるの緑色のあたまをこつんとたたきました。
481,「おい。起きな。勘定を払うんだよ。さあ。」
482,「キーイ、キーイ、クヮア、あ、痛い、誰だい。ひとの頭を撲るやつは。」
483,「勘定を払いな。」
484,「あっ、そうそう。勘定はいくらになっていますか。」
485,「お前のは三百四十二杯で、八十五銭五厘だ。どうだ。払えるか。」
486, あまがえるは財布を出して見ましたが、三銭二厘しかありません。
487,「何だい。おまえは三銭二厘しかないのか。呆れたやつだ。さあどうするんだ。警察へ届けるよ。」
488,「許して下さい。許して下さい。」
489,「いいや、いかん。さあ払え。」
490,「ないんですよ。許して下さい。そのかわりあなたのけらいになりますから。」
491,「そうか。よかろう。それじゃお前はおれのけらいだぞ。」
492,「へい。仕方ありません。」
493,「よし、この中にはいれ。」
494, とのさまがえるは次の室の戸を開いてその閉口したあまがえるを押し込んで、戸をぴたんとしめました。そしてにやりと笑って、又どっしりと椅子へ座りました。それから例の鉄の棒を持ち直して、二番目のあま蛙の緑青いろの頭をこつんとたたいて云いました。
495,「おいおい。起きるんだよ。勘定だ勘定だ。」
496,「キーイ、キーイ、クワァ、ううい。もう一杯お呉れ。」
497,「何をねぼけてんだよ。起きるんだよ。目をさますんだよ。勘定だよ。」
498,「ううい、あああっ。ううい。何だい。なぜひとの頭をたたくんだい。」
499,「いつまでねぼけてんだよ。勘定を払え。勘定を。」
500,「あっ、そうそう。そうでしたね。いくらになりますか。」
501,「お前のは六百杯で、一円五十銭だよ。どうだい、それ位あるかい。」
502, あまがえるはすきとおる位青くなって、財布をひっくりかえして見ましたが、たった一銭二厘しかありませんでした。
503,「ある位みんな出しますからどうかこれだけに負けて下さい。」
504,「うん、一円二十銭もあるかい。おや、これはたった一銭二厘じゃないか。あんまり人をばかにするんじゃないぞ。勘定の百分の一に負けろとはよくも云えたもんだ。外国のことばで云えば、一パーセントに負けて呉れと云うんだろう。人を馬鹿にするなよ。さあ払え。早く払え。」
505,「だって無いんだもの。」
506,「なきゃおれのけらいになれ。」
507,「仕方ない。そいじゃそうして下さい。」
508,「さあ、こっちへ来い。」とのさまがえるはあまがえるを又次の室に追い込みました。それから又どっかりと椅子へかけようとしましたが何か考えついたらしく、いきなりキーキーいびきをかいているあまがえるの方へ進んで行って、かたっぱしからみんなの財布を引っぱり出して中を改めました。どの財布もみんな三銭より下でした。ただ一つ、いかにも大きくふくれたのがありましたが、開いて見ると、お金が一つぶも入っていないで、椿の葉が小さく折って入れてあるだけでした。とのさまがえるは、よろこんで、にこにこにこにこ笑って、棒を取り直し、片っぱしからあまがえるの緑色の頭をポンポンポンポンたたきつけました。さあ、大へん、みんな、
509,「あ痛っ、あ痛っ。誰だい。」なんて云いながら目をさまして、しばらくきょろきょろきょろきょろしていましたが、いよいよそれが酒屋のおやじのとのさまがえるの仕業だとわかると、もうみな一ぺんに、
510,「何だい。おやじ。よくもひとをなぐったな。」と云いながら、四方八方から、飛びかかりましたが、何分とのさまがえるは三十がえる力あるのですし、くさりかたびらは着ていますし、それにあまがえるはみんな舶来ウェスキーでひょろひょろしてますから、片っぱしからストンストンと投げつけられました。おしまいにはとのさまがえるは、十一疋のあまがえるを、もじゃもじゃ堅めて、ぺちゃんと投げつけました。あまがえるはすっかり恐れ入って、ふるえて、すきとおる位青くなって、その辺に平伏いたしました。そこでとのさまがえるがおごそかに云いました。
511,「お前たちはわしの酒を呑んだ。どの勘定も八十銭より下のはない。ところがお前らは五銭より多く持っているやつは一人もない。どうじゃ。誰かあるか。無かろう。うん。」
512, あまがえるは一同ふうふうと息をついて顔を見合せるばかりです。とのさまがえるは得意になって又はじめました。
513,「どうじゃ。無かろう。あるか。無かろう。そこでお前たちの仲間は、前に二人お金を払うかわりに、おれのけらいになるという約束をしたがお前たちはどうじゃ。」この時です、みなさんもご存じの通り向うの室の中の二疋が戸のすきまから目だけ出してキーと低く鳴いたのは。
514, みんなは顔を見合せました。
515,「どうも仕方ない。そうしようか。」
516,「そうお願いしよう。」
517,「どうかそうお願いいたします。」
518, どうです。あまがえるなんというものは人のいいものですからすぐとのさまがえるのけらいになりました。そこでとのさまがえるは、うしろの戸をあけて、前の二人を引っぱり出しました。そして一同へおごそかに云いました。
519,「いいか。この団体はカイロ団ということにしよう。わしはカイロ団長じゃ。あしたからはみんな、おれの命令にしたがうんだぞ。いいか。」
520,「仕方ありません。」とみんなは答えました。すると、とのさまがえるは立ちあがって、家をぐるっと一まわしまわしました。すると酒屋はたちまちカイロ団長の本宅にかわりました。つまり前には四角だったのが今度は六角形の家になったのですな。
521, さて、その日は暮れて、次の日になりました。お日さまの黄金色の光は、うしろの桃の木の影法師を三千寸も遠くまで投げ出し、空はまっ青にひかりましたが、誰もカイロ団に仕事を頼みに来ませんでした。そこでとのさまがえるはみんなを集めて云いました。
522,「さっぱり誰も仕事を頼みに来んな。どうもこう仕事がなくちゃ、お前たちを養っておいても仕方ない。俺もとうとう飛んだことになったよ。それにつけても仕事のない時に、いそがしい時の仕度をして置くことが、最必要だ。つまりその仕事の材料を、こんな時に集めて置かないといかんな。ついてはまず第一が木だがな。今日はみんな出て行って立派な木を十本だけ、十本じゃすくない、ええと、百本、百本でもすくないな、千本だけ集めて来い。もし千本集まらなかったらすぐ警察へ訴えるぞ。貴様らはみんな死刑になるぞ。その太い首をスポンと切られるぞ。首が太いからスポンとはいかない、シュッポォンと切られるぞ。」
523, あまがえるどもは緑色の手足をぶるぶるぶるっとけいれんさせました。そしてこそこそこそこそ、逃げるようにおもてに出てひとりが三十三本三分三厘強ずつという見当で、一生けん命いい木をさがしましたが、大体もう前々からさがす位さがしてしまっていたのですから、いくらそこらをみんながひょいひょいかけまわっても、夕方までにたった九本しか見つかりませんでした。さあ、あまがえるはみんな泣き顔になって、うろうろうろうろやりましたがますますどうもいけません。そこへ丁度一ぴきの蟻が通りかかりました。そしてみんなが飴色の夕日にまっ青にすきとおって泣いているのを見て驚いてたずねました。
524,「あまがえるさん。昨日はどうもありがとう。一体どうしたのですか。」
525,「今日は木を千本、とのさまがえるに持っていかないといけないのです。まだ九本しか見つかりません。」
526, 蟻はこれを聞いて「ケッケッケッケ」と大笑いに笑いはじめました。それから申しました。
527,「千本持って来いというのなら、千本持って行ったらいいじゃありませんか。そら、そこにあるそのけむりのようなかびの木などは、一つかみ五百本にもなるじゃありませんか。」
528, なるほどとみんなはよろこんでそのけむりのようなかびの木を一人が三十三本三分三厘ずつ取って、蟻にお礼を云って、カイロ団長のところへ帰って来ました。すると団長は大機嫌です。
529,「ふんふん。よし、よし。さあ、みんな舶来ウィスキーを一杯ずつ飲んでやすむんだよ。」
530, そこでみんなは粟つぶのコップで舶来ウィスキーを一杯ずつ呑んで、くらくら、キーイキーイと、ねむってしまいました。
531, 次の朝またお日さまがおのぼりになりますと、とのさまがえるは云いました。
532,「おい、みんな。集れ。今日もどこからも仕事をたのみに来ない。いいか、今日はな、あちこち花畑へ出て行って花の種をひろって来るんだ。一人が百つぶずつ、いや百つぶではすくない。千つぶずつ、いや、千つぶもこんな日の長い時にあんまり少い。万粒ずつがいいかな。万粒ずつひろって来い。いいか、もし、来なかったらすぐお前らを巡査に渡すぞ。巡査は首をシュッポンと切るぞ。」
533, あまがえるどもはみんな、お日さまにまっさおにすきとおりながら、花畑の方へ参りました。ところが丁度幸に花のたねは雨のようにこぼれていましたし蜂もぶんぶん鳴いていましたのであまがえるはみんなしゃがんで一生けん命ひろいました。ひろいながらこんなことを云っていました。
534,「おい、ビチュコ。一万つぶひろえそうかい。」
535,「いそがないとだめそうだよ、まだ三百つぶにしかならないんだもの。」
536,「さっき団長が百粒ってはじめに云ったねい。百つぶならよかったねい。」
537,「うん。その次に千つぶって云ったねい。千つぶでもよかったねい。」
538,「ほんとうにねい。おいら、お酒をなぜあんなにのんだろうなあ。」
539,「おいらもそいつを考えているんだよ。どうも一ぱい目と二杯目、二杯目と三杯目、みんな順ぐりに糸か何かついていたよ。三百五十杯つながって居たとおいら今考えてるんだ。」
540,「全くだよ。おっと、急がないと大へんだ。」
541,「そうそう。」
542, さて、みんなはひろってひろってひろって、夕方までにやっと一万つぶずつあつめて、カイロ団長のところへ帰って来ました。
543, するととのさまがえるのカイロ団長はよろこんで、
544,「うん。よし。さあ、みんな舶来ウェスキーを一杯ずつのんで寝るんだよ。」と云いました。
545, あまがえるどもも大よろこびでみんな粟のこっぷで舶来ウィスキイを一杯ずつ呑んで、キーイキーイと寝てしまいました。
546, 次の朝あまがえるどもは眼をさまして見ますと、もう一ぴきのとのさまがえるが来ていて、団長とこんなはなしをしていました。
547,「とにかく大いに盛んにやらないといかんね。そうでないと笑いものになってしまうだけだ。」
548,「全くだよ。どうだろう、一人前九十円ずつということにしたら。」
549,「うん。それ位ならまあよかろうかな。」
550,「よかろうよ。おや、みんな起きたね、今日は何の仕事をさせようかな。どうも毎日仕事がなくて困るんだよ。」
551,「うん。それは大いに同情するね。」
552,「今日は石を運ばせてやろうか。おい。みんな今日は石を一人で九十匁ずつ運んで来い。いや、九十匁じゃあまり少いかな。」
553,「うん。九百貫という方が口調がいいね。」
554,「そうだ、そうだ。どれだけいいか知れないね。おい、みんな。今日は石を一人につき九百貫ずつ運んで来い。もし来なかったら早速警察へ貴様らを引き渡すぞ。ここには裁判の方のお方もお出でになるのだ。首をシュッポオンと切ってしまう位、実にわけないはなしだ。」
555, あまがえるはみなすきとおってまっ青になってしまいました。それはその筈です。一人九百貫の石なんて、人間でさえ出来るもんじゃありません。ところがあまがえるの目方が何匁あるかと云ったら、たかが八匁か九匁でしょう。それが一日に一人で九百貫の石を運ぶなどはもうみんな考えただけでめまいを起してクゥウ、クゥウと鳴ってばたりばたり倒れてしまったことは全く無理もありません。
556, とのさまがえるは早速例の鉄の棒を持ち出してあまがえるの頭をコツンコツンと叩いてまわりました。あまがえるはまわりが青くくるくるするように思いながら仕事に出て行きました。お日さまさえ、ずうっと遠くの天の隅のあたりで、三角になってくるりくるりとうごいているように見えたのです。
557, みんなは石のある所に来ました。そしててんでに百匁ばかりの石につなをつけて、エンヤラヤア、ホイ、エンヤラヤアホイ。とひっぱりはじめました。みんなあんまり一生けん命だったので、汗がからだ中チクチクチクチク出て、からだはまるでへたへた風のようになり、世界はほとんどまっくらに見えました。とにかくそれでも三十疋が首尾よくめいめいの石をカイロ団長の家まで運んだときはもうおひるになっていました。それにみんなはつかれてふらふらして、目をあいていることも立っていることもできませんでした。あーあ、ところが、これから晩までにもう八百九十九貫九百匁運ばないと首をシュッポオンと切られるのです。
558, カイロ団長は丁度この時うちの中でいびきをかいて寝て居りましたがやっと目をさまして、ゆっくりと外へ出て見ました。あまがえるどもは、はこんで来た石にこしかけてため息をついたり、土の上に大の字になって寝たりしています。その影法師は青く日がすきとおって地面に美しく落ちていました。団長は怒って急いで鉄の棒を取りに家の中にはいりますと、その間に、目をさましていたあまがえるは、寝ていたものをゆり起して、団長が又出て来たときは、もうみんなちゃんと立っていました。カイロ団長が申しました。
559,「何だ。のろまども。今までかかってたったこれだけしか運ばないのか。何という貴様らは意気地なしだ。おれなどは石の九百貫やそこら、三十分で運んで見せるぞ。」
560,「とても私らにはできません。私らはもう死にそうなんです。」
561,「えい、意気地なしめ。早く運べ。晩までに出来なかったら、みんな警察へやってしまうぞ。警察ではシュッポンと首を切るぞ。ばかめ。」
562, あまがえるはみんなやけ糞になって叫びました。
563,「どうか早く警察へやって下さい。シュッポン、シュッポンと聞いていると何だか面白いような気がします。」
564, カイロ団長は怒って叫び出しました。
565,「えい、馬鹿者め意気地なしめ。
566, えい、ガーアアアアアアアアア。」カイロ団長は何だか変な顔をして口をパタンと閉じました。ところが「ガーアアアアアアア」と云う音はまだつづいています。それは全くカイロ団長の咽喉から出たのではありませんでした。かの青空高くひびきわたるかたつむりのメガホーンの声でした。王さまの新らしい命令のさきぶれでした。
567,「そら、あたらしいご命令だ。」と、あまがえるもとのさまがえるも、急いでしゃんと立ちました。かたつむりの吹くメガホーンの声はいともほがらかにひびきわたりました。
568,「王さまの新らしいご命令。王さまの新らしいご命令。一個条。ひとに物を云いつける方法。ひとに物を云いつける方法。第一、ひとにものを云いつけるときはそのいいつけられるものの目方で自分のからだの目方を割って答を見つける。第二、云いつける仕事にその答をかける。第三、その仕事を一ぺん自分で二日間やって見る。以上。その通りやらないものは鳥の国へ引き渡す。」
569, さああまがえるどもはよろこんだのなんのって、チェッコという算術のうまいかえるなどは、もうすぐ暗算をはじめました。云いつけられるわれわれの目方は拾匁、云いつける団長のめがたは百匁、百匁割る十匁、答十。仕事は九百貫目、九百貫目掛ける十、答九千貫目。
570,「九千貫だよ。おい。みんな。」
571,「団長さん。さあこれから晩までに四千五百貫目、石をひっぱって下さい。」
572,「さあ王様の命令です。引っぱって下さい。」
573, 今度は、とのさまがえるは、だんだん色がさめて、飴色にすきとおって、そしてブルブルふるえて参りました。
574, あまがえるはみんなでとのさまがえるを囲んで、石のある処へ連れて行きました。そして一貫目ばかりある石へ、綱を結びつけて
575,「さあ、これを晩までに四千五百運べばいいのです。」と云いながらカイロ団長の肩に綱のさきを引っかけてやりました。団長もやっと覚悟がきまったと見えて、持っていた鉄の棒を投げすてて、眼をちゃんときめて、石を運んで行く方角を見定めましたがまだどうも本当に引っぱる気にはなりませんでした。そこであまがえるは声をそろえてはやしてやりました。
576,「ヨウイト、ヨウイト、ヨウイト、ヨウイトショ。」
577, カイロ団長は、はやしにつりこまれて、五へんばかり足をテクテクふんばってつなを引っ張りましたが、石はびくとも動きません。
578, とのさまがえるはチクチク汗を流して、口をあらんかぎりあけて、フウフウといきをしました。全くあたりがみんなくらくらして、茶色に見えてしまったのです。
579,「ヨウイト、ヨウイト、ヨウイト、ヨウイトショ。」
580, とのさまがえるは又四へんばかり足をふんばりましたが、おしまいの時は足がキクッと鳴ってくにゃりと曲ってしまいました。あまがえるは思わずどっと笑い出しました。がどう云うわけかそれから急にしいんとなってしまいました。それはそれはしいんとしてしまいました。みなさん、この時のさびしいことと云ったら私はとても口で云えません。みなさんはおわかりですか。ドッと一緒に人をあざけり笑ってそれから俄かにしいんとなった時のこのさびしいことです。
581, ところが丁度その時、又もや青ぞら高く、かたつむりのメガホーンの声がひびきわたりました。
582,「王様の新らしいご命令。王様の新らしいご命令。すべてあらゆるいきものはみんな気のいい、かあいそうなものである。けっして憎んではならん。以上。」それから声が又向うの方へ行って「王様の新らしいご命令。」とひびきわたって居ります。
583, そこであまがえるは、みんな走り寄って、とのさまがえるに水をやったり、曲った足をなおしてやったり、とんとんせなかをたたいたりいたしました。
584, とのさまがえるはホロホロ悔悟のなみだをこぼして、
585,「ああ、みなさん、私がわるかったのです。私はもうあなた方の団長でもなんでもありません。私はやっぱりただの蛙です。あしたから仕立屋をやります。」
586, あまがえるは、みんなよろこんで、手をパチパチたたきました。
587, 次の日から、あまがえるはもとのように愉快にやりはじめました。
588, みなさん。あまあがりや、風の次の日、そうでなくてもお天気のいい日に、畑の中や花壇のかげでこんなようなさらさらさらさら云う声を聞きませんか。
589,「おい。ベッコ。そこん処をも少しよくならして呉れ。いいともさ。おいおい。ここへ植えるのはすずめのかたびらじゃない、すずめのてっぽうだよ。そうそう。どっちもすずめなもんだからつい間違えてね。ハッハッハ。よう。ビチュコ。おい。ビチュコ、そこの穴うめて呉れ。いいかい。そら、投げるよ。ようし来た。ああ、しまった。さあひっぱって呉れ。よいしょ。」
590,狼森と笊森、盗森
591,宮沢賢治
592, 小岩井農場の北に、黒い松の森が四つあります。いちばん南が狼森で、その次が笊森、次は黒坂森、北のはずれは盗森です。
593, この森がいつごろどうしてできたのか、どうしてこんな奇体な名前がついたのか、それをいちばんはじめから、すっかり知っているものは、おれ一人だと黒坂森のまんなかの巨きな巌が、ある日、威張ってこのおはなしをわたくしに聞かせました。
594, ずうっと昔、岩手山が、何べんも噴火しました。その灰でそこらはすっかり埋まりました。このまっ黒な巨きな巌も、やっぱり山からはね飛ばされて、今のところに落ちて来たのだそうです。
595, 噴火がやっとしずまると、野原や丘には、穂のある草や穂のない草が、南の方からだんだん生えて、とうとうそこらいっぱいになり、それから柏や松も生え出し、しまいに、いまの四つの森ができました。けれども森にはまだ名前もなく、めいめい勝手に、おれはおれだと思っているだけでした。するとある年の秋、水のようにつめたいすきとおる風が、柏の枯れ葉をさらさら鳴らし、岩手山の銀の冠には、雲の影がくっきり黒くうつっている日でした。
596, 四人の、けらを着た百姓たちが、山刀や三本鍬や唐鍬や、すべて山と野原の武器を堅くからだにしばりつけて、東の稜ばった燧石の山を越えて、のっしのっしと、この森にかこまれた小さな野原にやって来ました。よくみるとみんな大きな刀もさしていたのです。
597, 先頭の百姓が、そこらの幻燈のようなけしきを、みんなにあちこち指さして
598,「どうだ。いいとこだろう。畑はすぐ起せるし、森は近いし、きれいな水もながれている。それに日あたりもいい。どうだ、俺はもう早くから、ここと決めて置いたんだ。」と云いますと、一人の百姓は、
599,「しかし地味はどうかな。」と言いながら、屈んで一本のすすきを引き抜いて、その根から土を掌にふるい落して、しばらく指でこねたり、ちょっと嘗めてみたりしてから云いました。
600,「うん。地味もひどくよくはないが、またひどく悪くもないな。」
601,「さあ、それではいよいよここときめるか。」
602, も一人が、なつかしそうにあたりを見まわしながら云いました。
603,「よし、そう決めよう。」いままでだまって立っていた、四人目の百姓が云いました。
604, 四人はそこでよろこんで、せなかの荷物をどしんとおろして、それから来た方へ向いて、高く叫びました。
605,「おおい、おおい。ここだぞ。早く来お。早く来お。」
606, すると向うのすすきの中から、荷物をたくさんしょって、顔をまっかにしておかみさんたちが三人出て来ました。見ると、五つ六つより下の子供が九人、わいわい云いながら走ってついて来るのでした。
607, そこで四人の男たちは、てんでにすきな方へ向いて、声を揃えて叫びました。
608,「ここへ畑起してもいいかあ。」
609,「いいぞお。」森が一斉にこたえました。
610, みんなは又叫びました。
611,「ここに家建ててもいいかあ。」
612,「ようし。」森は一ぺんにこたえました。
613, みんなはまた声をそろえてたずねました。
614,「ここで火たいてもいいかあ。」
615,「いいぞお。」森は一ぺんにこたえました。
616, みんなはまた叫びました。
617,「すこし木貰ってもいいかあ。」
618,「ようし。」森は一斉にこたえました。
619, 男たちはよろこんで手をたたき、さっきから顔色を変えて、しんとして居た女やこどもらは、にわかにはしゃぎだして、子供らはうれしまぎれに喧嘩をしたり、女たちはその子をぽかぽか撲ったりしました。
620, その日、晩方までには、もう萱をかぶせた小さな丸太の小屋が出来ていました。子供たちは、よろこんでそのまわりを飛んだりはねたりしました。次の日から、森はその人たちのきちがいのようになって、働らいているのを見ました。男はみんな鍬をピカリピカリさせて、野原の草を起しました。女たちは、まだ栗鼠や野鼠に持って行かれない栗の実を集めたり、松を伐って薪をつくったりしました。そしてまもなく、いちめんの雪が来たのです。
621, その人たちのために、森は冬のあいだ、一生懸命、北からの風を防いでやりました。それでも、小さなこどもらは寒がって、赤くはれた小さな手を、自分の咽喉にあてながら、「冷たい、冷たい。」と云ってよく泣きました。
622, 春になって、小屋が二つになりました。
623, そして蕎麦と稗とが播かれたようでした。そばには白い花が咲き、稗は黒い穂を出しました。その年の秋、穀物がとにかくみのり、新らしい畑がふえ、小屋が三つになったとき、みんなはあまり嬉しくて大人までがはね歩きました。ところが、土の堅く凍った朝でした。九人のこどもらのなかの、小さな四人がどうしたのか夜の間に見えなくなっていたのです。
624, みんなはまるで、気違いのようになって、その辺をあちこちさがしましたが、こどもらの影も見えませんでした。
625, そこでみんなは、てんでにすきな方へ向いて、一緒に叫びました。
626,「たれか童ゃど知らないか。」
627,「しらない」と森は一斉にこたえました。
628,「そんだらさがしに行くぞお。」とみんなはまた叫びました。
629,「来お。」と森は一斉にこたえました。
630, そこでみんなは色々の農具をもって、まず一番ちかい狼森に行きました。森へ入りますと、すぐしめったつめたい風と朽葉の匂とが、すっとみんなを襲いました。
631, みんなはどんどん踏みこんで行きました。
632, すると森の奥の方で何かパチパチ音がしました。
633, 急いでそっちへ行って見ますと、すきとおったばら色の火がどんどん燃えていて、狼が九疋、くるくるくるくる、火のまわりを踊ってかけ歩いているのでした。
634, だんだん近くへ行って見ると居なくなった子供らは四人共、その火に向いて焼いた栗や初茸などをたべていました。
635, 狼はみんな歌を歌って、夏のまわり燈籠のように、火のまわりを走っていました。
636,「狼森のまんなかで、
637,火はどろどろぱちぱち
638,火はどろどろぱちぱち、
639,栗はころころぱちぱち、
640,栗はころころぱちぱち。」
641, みんなはそこで、声をそろえて叫びました。
642,「狼どの狼どの、童しゃど返して呉ろ。」
643, 狼はみんなびっくりして、一ぺんに歌をやめてくちをまげて、みんなの方をふり向きました。
644, すると火が急に消えて、そこらはにわかに青くしいんとなってしまったので火のそばのこどもらはわあと泣き出しました。
645, 狼は、どうしたらいいか困ったというようにしばらくきょろきょろしていましたが、とうとうみんないちどに森のもっと奥の方へ逃げて行きました。
646, そこでみんなは、子供らの手を引いて、森を出ようとしました。すると森の奥の方で狼どもが、
647,「悪く思わないで呉ろ。栗だのきのこだの、うんとご馳走したぞ。」と叫ぶのがきこえました。みんなはうちに帰ってから粟餅をこしらえてお礼に狼森へ置いて来ました。
648, 春になりました。そして子供が十一人になりました。馬が二疋来ました。畠には、草や腐った木の葉が、馬の肥と一緒に入りましたので、粟や稗はまっさおに延びました。
649, そして実もよくとれたのです。秋の末のみんなのよろこびようといったらありませんでした。
650, ところが、ある霜柱のたったつめたい朝でした。
651, みんなは、今年も野原を起して、畠をひろげていましたので、その朝も仕事に出ようとして農具をさがしますと、どこの家にも山刀も三本鍬も唐鍬も一つもありませんでした。
652, みんなは一生懸命そこらをさがしましたが、どうしても見附かりませんでした。それで仕方なく、めいめいすきな方へ向いて、いっしょにたかく叫びました。
653,「おらの道具知らないかあ。」
654,「知らないぞお。」と森は一ぺんにこたえました。
655,「さがしに行くぞお。」とみんなは叫びました。
656,「来お。」と森は一斉に答えました。
657, みんなは、こんどはなんにももたないで、ぞろぞろ森の方へ行きました。はじめはまず一番近い狼森に行きました。
658, すると、すぐ狼が九疋出て来て、みんなまじめな顔をして、手をせわしくふって云いました。
659,「無い、無い、決して無い、無い。外をさがして無かったら、もう一ぺんおいで。」
660, みんなは、尤もだと思って、それから西の方の笊森に行きました。そしてだんだん森の奥へ入って行きますと、一本の古い柏の木の下に、木の枝であんだ大きな笊が伏せてありました。
661,「こいつはどうもあやしいぞ。笊森の笊はもっともだが、中には何があるかわからない。一つあけて見よう。」と云いながらそれをあけて見ますと、中には無くなった農具が九つとも、ちゃんとはいっていました。
662, それどころではなく、まんなかには、黄金色の目をした、顔のまっかな山男が、あぐらをかいて座っていました。そしてみんなを見ると、大きな口をあけてバアと云いました。
663, 子供らは叫んで逃げ出そうとしましたが、大人はびくともしないで、声をそろえて云いました。
664,「山男、これからいたずら止めて呉ろよ。くれぐれ頼むぞ、これからいたずら止めで呉ろよ。」
665, 山男は、大へん恐縮したように、頭をかいて立って居りました。みんなはてんでに、自分の農具を取って、森を出て行こうとしました。
666, すると森の中で、さっきの山男が、
667,「おらさも粟餅持って来て呉ろよ。」と叫んでくるりと向うを向いて、手で頭をかくして、森のもっと奥へ走って行きました。
668, みんなはあっはあっはと笑って、うちへ帰りました。そして又粟餅をこしらえて、狼森と笊森に持って行って置いてきました。
669, 次の年の夏になりました。平らな処はもうみんな畑です。うちには木小屋がついたり、大きな納屋が出来たりしました。
670, それから馬も三疋になりました。その秋のとりいれのみんなの悦びは、とても大へんなものでした。
671, 今年こそは、どんな大きな粟餅をこさえても、大丈夫だとおもったのです。
672, そこで、やっぱり不思議なことが起りました。
673, ある霜の一面に置いた朝納屋のなかの粟が、みんな無くなっていました。みんなはまるで気が気でなく、一生けん命、その辺をかけまわりましたが、どこにも粟は、一粒もこぼれていませんでした。
674, みんなはがっかりして、てんでにすきな方へ向いて叫びました。
675,「おらの粟知らないかあ。」
676,「知らないぞお。」森は一ぺんにこたえました。
677,「さがしに行くぞ。」とみんなは叫びました。
678,「来お。」と森は一斉にこたえました。
679, みんなは、てんでにすきなえ物を持って、まず手近の狼森に行きました。
680, 狼共は九疋共もう出て待っていました。そしてみんなを見て、フッと笑って云いました。
681,「今日も粟餅だ。ここには粟なんか無い、無い、決して無い。ほかをさがしてもなかったらまたここへおいで。」
682, みんなはもっともと思って、そこを引きあげて、今度は笊森へ行きました。
683, すると赤つらの山男は、もう森の入口に出ていて、にやにや笑って云いました。
684,「あわもちだ。あわもちだ。おらはなっても取らないよ。粟をさがすなら、もっと北に行って見たらよかべ。」
685, そこでみんなは、もっともだと思って、こんどは北の黒坂森、すなわちこのはなしを私に聞かせた森の、入口に来て云いました。
686,「粟を返して呉ろ。粟を返して呉ろ。」
687, 黒坂森は形を出さないで、声だけでこたえました。
688,「おれはあけ方、まっ黒な大きな足が、空を北へとんで行くのを見た。もう少し北の方へ行って見ろ。」そして粟餅のことなどは、一言も云わなかったそうです。そして全くその通りだったろうと私も思います。なぜなら、この森が私へこの話をしたあとで、私は財布からありっきりの銅貨を七銭出して、お礼にやったのでしたが、この森は仲々受け取りませんでした、この位気性がさっぱりとしていますから。
689, さてみんなは黒坂森の云うことが尤もだと思って、もう少し北へ行きました。
690, それこそは、松のまっ黒な盗森でした。ですからみんなも、
691,「名からしてぬすと臭い。」と云いながら、森へ入って行って、「さあ粟返せ。粟返せ。」とどなりました。
692, すると森の奥から、まっくろな手の長い大きな大きな男が出て来て、まるでさけるような声で云いました。
693,「何だと。おれをぬすとだと。そう云うやつは、みんなたたき潰してやるぞ。ぜんたい何の証拠があるんだ。」
694,「証人がある。証人がある。」とみんなはこたえました。
695,「誰だ。畜生、そんなこと云うやつは誰だ。」と盗森は咆えました。
696,「黒坂森だ。」と、みんなも負けずに叫びました。
697,「あいつの云うことはてんであてにならん。ならん。ならん。ならんぞ。畜生。」と盗森はどなりました。
698, みんなももっともだと思ったり、恐ろしくなったりしてお互に顔を見合せて逃げ出そうとしました。
699, すると俄に頭の上で、
700,「いやいや、それはならん。」というはっきりした厳かな声がしました。
701, 見るとそれは、銀の冠をかぶった岩手山でした。盗森の黒い男は、頭をかかえて地に倒れました。
702, 岩手山はしずかに云いました。
703,「ぬすとはたしかに盗森に相違ない。おれはあけがた、東の空のひかりと、西の月のあかりとで、たしかにそれを見届けた。しかしみんなももう帰ってよかろう。粟はきっと返させよう。だから悪く思わんで置け。一体盗森は、じぶんで粟餅をこさえて見たくてたまらなかったのだ。それで粟も盗んで来たのだ。はっはっは。」
704, そして岩手山は、またすましてそらを向きました。男はもうその辺に見えませんでした。
705, みんなはあっけにとられてがやがや家に帰って見ましたら、粟はちゃんと納屋に戻っていました。そこでみんなは、笑って粟もちをこしらえて、四つの森に持って行きました。
706, 中でもぬすと森には、いちばんたくさん持って行きました。その代り少し砂がはいっていたそうですが、それはどうも仕方なかったことでしょう。
707, さてそれから森もすっかりみんなの友だちでした。そして毎年、冬のはじめにはきっと粟餅を貰いました。
708, しかしその粟餅も、時節がら、ずいぶん小さくなったが、これもどうも仕方がないと、黒坂森のまん中のまっくろな巨きな巌がおしまいに云っていました。
709,おきなぐさ
710,宮沢賢治
711, うずのしゅげを知っていますか。
712, うずのしゅげは、植物学ではおきなぐさと呼ばれますが、おきなぐさという名はなんだかあのやさしい若い花をあらわさないようにおもいます。
713, そんならうずのしゅげとはなんのことかと言われても私にはわかったようなまたわからないような気がします。
714, それはたとえば私どもの方で、ねこやなぎの花芽をべんべろと言いますが、そのべんべろがなんのことかわかったようなわからないような気がするのと全くおなじです。とにかくべんべろという語のひびきの中に、あの柳の花芽の銀びろうどのこころもち、なめらかな春のはじめの光のぐあいが実にはっきり出ているように、うずのしゅげというときは、あの毛※科のおきなぐさの黒朱子の花びら、青じろいやはり銀びろうどの刻みのある葉、それから六月のつやつや光る冠毛がみなはっきりと眼にうかびます。
715, まっ赤なアネモネの花の従兄、きみかげそうやかたくりの花のともだち、このうずのしゅげの花をきらいなものはありません。
716, ごらんなさい。この花は黒朱子ででもこしらえた変わり型のコップのように見えますが、その黒いのは、たとえば葡萄酒が黒く見えると同じです。この花の下を始終往ったり来たりする蟻に私はたずねます。
717,「おまえはうずのしゅげはすきかい、きらいかい」
718, 蟻は活発に答えます。
719,「大すきです。誰だってあの人をきらいなものはありません」
720,「けれどもあの花はまっ黒だよ」
721,「いいえ、黒く見えるときもそれはあります。けれどもまるで燃えあがってまっ赤な時もあります」
722,「はてな、お前たちの眼にはそんなぐあいに見えるのかい」
723,「いいえ、お日さまの光の降る時なら誰にだってまっ赤に見えるだろうと思います」
724,「そうそう。もうわかったよ。お前たちはいつでも花をすかして見るのだから」
725,「そしてあの葉や茎だって立派でしょう。やわらかな銀の糸が植えてあるようでしょう。私たちの仲間では誰かが病気にかかったときはあの糸をほんのすこうしもらって来てしずかにからだをさすってやります」
726,「そうかい。それで、結局、お前たちはうずのしゅげは大すきなんだろう」
727,「そうです」
728,「よろしい。さよなら。気をつけておいで」
729, この通りです。
730, また向こうの、黒いひのきの森の中のあき地に山男がいます。山男はお日さまに向いて倒れた木に腰掛けて何か鳥を引き裂いてたべようとしているらしいのですが、なぜあの黝んだ黄金の眼玉を地面にじっと向けているのでしょう。鳥をたべることさえ忘れたようです。
731, あれは空地のかれ草の中に一本のうずのしゅげが花をつけ風にかすかにゆれているのを見ているからです。
732, 私は去年のちょうど今ごろの風のすきとおったある日のひるまを思い出します。
733, それは小岩井農場の南、あのゆるやかな七つ森のいちばん西のはずれの西がわでした。かれ草の中に二本のうずのしゅげが、もうその黒いやわらかな花をつけていました。
734, まばゆい白い雲が小さな小さなきれになって砕けてみだれて、空をいっぱい東の方へどんどんどんどん飛びました。
735, お日さまは何べんも雲にかくされて銀の鏡のように白く光ったり、またかがやいて大きな宝石のように蒼ぞらの淵にかかったりしました。
736, 山脈の雪はまっ白に燃え、眼の前の野原は黄いろや茶の縞になってあちこち掘り起こされた畑は鳶いろの四角なきれをあてたように見えたりしました。
737, おきなぐさはその変幻の光の奇術の中で夢よりもしずかに話しました。
738,「ねえ、雲がまたお日さんにかかるよ。そら向こうの畑がもう陰になった」
739,「走って来る、早いねえ、もうから松も暗くなった。もう越えた」
740,「来た、来た。おおくらい。急にあたりが青くしんとなった」
741,「うん、だけどもう雲が半分お日さんの下をくぐってしまったよ。すぐ明るくなるんだよ」
742,「もう出る。そら、ああ明るくなった」
743,「だめだい。また来るよ、そら、ね、もう向こうのポプラの木が黒くなったろう」
744,「うん。まるでまわり燈籠のようだねえ」
745,「おい、ごらん。山の雪の上でも雲のかげがすべってるよ。あすこ。そら。ここよりも動きようがおそいねえ」
746,「もうおりて来る。ああこんどは早い早い、まるで落ちて来るようだ。もうふもとまで来ちゃった。おや、どこへ行ったんだろう、見えなくなってしまった」
747,「不思議だねえ、雲なんてどこから出て来るんだろう。ねえ、西のそらは青じろくて光ってよく晴れてるだろう。そして風がどんどん空を吹いてるだろう。それだのにいつまでたっても雲がなくならないじゃないか」
748,「いいや、あすこから雲が湧いて来るんだよ。そら、あすこに小さな小さな雲きれが出たろう。きっと大きくなるよ」
749,「ああ、ほんとうにそうだね、大きくなったねえ。もう兎ぐらいある」
750,「どんどんかけて来る。早い早い、大きくなった、白熊のようだ」
751,「またお日さんへかかる。暗くなるぜ、奇麗だねえ。ああ奇麗。雲のへりがまるで虹で飾ったようだ」
752, 西の方の遠くの空でさっきまで一生けん命啼いていたひばりがこの時風に流されて羽を変にかしげながら二人のそばに降りて来たのでした。
753,「今日は、風があっていけませんね」
754,「おや、ひばりさん、いらっしゃい。今日なんか高いとこは風が強いでしょうね」
755,「ええ、ひどい風ですよ。大きく口をあくと風が僕のからだをまるで麦酒瓶のようにボウと鳴らして行くくらいですからね。わめくも歌うも容易のこっちゃありませんよ」
756,「そうでしょうね。だけどここから見ているとほんとうに風はおもしろそうですよ。僕たちも一ぺん飛んでみたいなあ」
757,「飛べるどこじゃない。もう二か月お待ちなさい。いやでも飛ばなくちゃなりません」
758, それから二か月めでした。私は御明神へ行く途中もう一ぺんそこへ寄ったのでした。
759, 丘はすっかり緑でほたるかずらの花が子供の青い瞳のよう、小岩井の野原には牧草や燕麦がきんきん光っておりました。風はもう南から吹いていました。
760, 春の二つのうずのしゅげの花はすっかりふさふさした銀毛の房にかわっていました。野原のポプラの錫いろの葉をちらちらひるがえし、ふもとの草が青い黄金のかがやきをあげますと、その二つのうずのしゅげの銀毛の房はぷるぷるふるえて今にも飛び立ちそうでした。
761, そしてひばりがひくく丘の上を飛んでやって来たのでした。
762,「今日は。いいお天気です。どうです。もう飛ぶばかりでしょう」
763,「ええ、もう僕たち遠いとこへ行きますよ。どの風が僕たちを連れて行くかさっきから見ているんです」
764,「どうです。飛んで行くのはいやですか」
765,「なんともありません。僕たちの仕事はもう済んだんです」
766,「こわかありませんか」
767,「いいえ、飛んだってどこへ行ったって野はらはお日さんのひかりでいっぱいですよ。僕たちばらばらになろうたって、どこかのたまり水の上に落ちようたって、お日さんちゃんと見ていらっしゃるんですよ」
768,「そうです、そうです。なんにもこわいことはありません。僕だってもういつまでこの野原にいるかわかりません。もし来年もいるようだったら来年は僕はここへ巣をつくりますよ」
769,「ええ、ありがとう。ああ、僕まるで息がせいせいする。きっと今度の風だ。ひばりさん、さよなら」
770,「僕も、ひばりさん、さよなら」
771,「じゃ、さよなら、お大事においでなさい」
772, 奇麗なすきとおった風がやって参りました。まず向こうのポプラをひるがえし、青の燕麦に波をたてそれから丘にのぼって来ました。
773, うずのしゅげは光ってまるで踊るようにふらふらして叫びました。
774,「さよなら、ひばりさん、さよなら、みなさん。お日さん、ありがとうございました」
775, そしてちょうど星が砕けて散るときのように、からだがばらばらになって一本ずつの銀毛はまっしろに光り、羽虫のように北の方へ飛んで行きました。そしてひばりは鉄砲玉のように空へとびあがって鋭いみじかい歌をほんのちょっと歌ったのでした。
776, 私は考えます。なぜひばりはうずのしゅげの銀毛の飛んで行った北の方へ飛ばなかったか、まっすぐに空の方へ飛んだか。
777, それはたしかに、二つのうずのしゅげのたましいが天の方へ行ったからです。そしてもう追いつけなくなったときひばりはあのみじかい別れの歌を贈ったのだろうと思います。そんなら天上へ行った二つの小さなたましいはどうなったか、私はそれは二つの小さな変光星になったと思います。なぜなら変光星はあるときは黒くて天文台からも見えず、あるときは蟻が言ったように赤く光って見えるからです。
778,オツベルと象
779,宮沢賢治
780,       ......ある牛飼いがものがたる
781,第一日曜
782, オツベルときたら大したもんだ。稲扱器械の六台も据えつけて、のんのんのんのんのんのんと、大そろしない音をたててやっている。
783, 十六人の百姓どもが、顔をまるっきりまっ赤にして足で踏んで器械をまわし、小山のように積まれた稲を片っぱしから扱いて行く。藁はどんどんうしろの方へ投げられて、また新らしい山になる。そこらは、籾や藁から発ったこまかな塵で、変にぼうっと黄いろになり、まるで沙漠のけむりのようだ。
784, そのうすくらい仕事場を、オツベルは、大きな琥珀のパイプをくわえ、吹殻を藁に落さないよう、眼を細くして気をつけながら、両手を背中に組みあわせて、ぶらぶら往ったり来たりする。
785, 小屋はずいぶん頑丈で、学校ぐらいもあるのだが、何せ新式稲扱器械が、六台もそろってまわってるから、のんのんのんのんふるうのだ。中にはいるとそのために、すっかり腹が空くほどだ。そしてじっさいオツベルは、そいつで上手に腹をへらし、ひるめしどきには、六寸ぐらいのビフテキだの、雑巾ほどあるオムレツの、ほくほくしたのをたべるのだ。
786, とにかく、そうして、のんのんのんのんやっていた。
787, そしたらそこへどういうわけか、その、白象がやって来た。白い象だぜ、ペンキを塗ったのでないぜ。どういうわけで来たかって? そいつは象のことだから、たぶんぶらっと森を出て、ただなにとなく来たのだろう。
788, そいつが小屋の入口に、ゆっくり顔を出したとき、百姓どもはぎょっとした。なぜぎょっとした? よくきくねえ、何をしだすか知れないじゃないか。かかり合っては大へんだから、どいつもみな、いっしょうけんめい、じぶんの稲を扱いていた。
789, ところがそのときオツベルは、ならんだ器械のうしろの方で、ポケットに手を入れながら、ちらっと鋭く象を見た。それからすばやく下を向き、何でもないというふうで、いままでどおり往ったり来たりしていたもんだ。
790, するとこんどは白象が、片脚床にあげたのだ。百姓どもはぎょっとした。それでも仕事が忙しいし、かかり合ってはひどいから、そっちを見ずに、やっぱり稲を扱いていた。
791, オツベルは奥のうすくらいところで両手をポケットから出して、も一度ちらっと象を見た。それからいかにも退屈そうに、わざと大きなあくびをして、両手を頭のうしろに組んで、行ったり来たりやっていた。ところが象が威勢よく、前肢二つつきだして、小屋にあがって来ようとする。百姓どもはぎくっとし、オツベルもすこしぎょっとして、大きな琥珀のパイプから、ふっとけむりをはきだした。それでもやっぱりしらないふうで、ゆっくりそこらをあるいていた。
792, そしたらとうとう、象がのこのこ上って来た。そして器械の前のとこを、呑気にあるきはじめたのだ。
793, ところが何せ、器械はひどく廻っていて、籾は夕立か霰のように、パチパチ象にあたるのだ。象はいかにもうるさいらしく、小さなその眼を細めていたが、またよく見ると、たしかに少しわらっていた。
794, オツベルはやっと覚悟をきめて、稲扱器械の前に出て、象に話をしようとしたが、そのとき象が、とてもきれいな、鶯みたいないい声で、こんな文句を云ったのだ。
795,「ああ、だめだ。あんまりせわしく、砂がわたしの歯にあたる。」
796, まったく籾は、パチパチパチパチ歯にあたり、またまっ白な頭や首にぶっつかる。
797, さあ、オツベルは命懸けだ。パイプを右手にもち直し、度胸を据えて斯う云った。
798,「どうだい、此処は面白いかい。」
799,「面白いねえ。」象がからだを斜めにして、眼を細くして返事した。
800,「ずうっとこっちに居たらどうだい。」
801, 百姓どもははっとして、息を殺して象を見た。オツベルは云ってしまってから、にわかにがたがた顫え出す。ところが象はけろりとして
802,「居てもいいよ。」と答えたもんだ。
803,「そうか。それではそうしよう。そういうことにしようじゃないか。」オツベルが顔をくしゃくしゃにして、まっ赤になって悦びながらそう云った。
804, どうだ、そうしてこの象は、もうオツベルの財産だ。いまに見たまえ、オツベルは、あの白象を、はたらかせるか、サーカス団に売りとばすか、どっちにしても万円以上もうけるぜ。
805,第二日曜
806, オツベルときたら大したもんだ。それにこの前稲扱小屋で、うまく自分のものにした、象もじっさい大したもんだ。力も二十馬力もある。第一みかけがまっ白で、牙はぜんたいきれいな象牙でできている。皮も全体、立派で丈夫な象皮なのだ。そしてずいぶんはたらくもんだ。けれどもそんなに稼ぐのも、やっぱり主人が偉いのだ。
807,「おい、お前は時計は要らないか。」丸太で建てたその象小屋の前に来て、オツベルは琥珀のパイプをくわえ、顔をしかめて斯う訊いた。
808,「ぼくは時計は要らないよ。」象がわらって返事した。
809,「まあ持って見ろ、いいもんだ。」斯う言いながらオツベルは、ブリキでこさえた大きな時計を、象の首からぶらさげた。
810,「なかなかいいね。」象も云う。
811,「鎖もなくちゃだめだろう。」オツベルときたら、百キロもある鎖をさ、その前肢にくっつけた。
812,「うん、なかなか鎖はいいね。」三あし歩いて象がいう。
813,「靴をはいたらどうだろう。」
814,「ぼくは靴などはかないよ。」
815,「まあはいてみろ、いいもんだ。」オツベルは顔をしかめながら、赤い張子の大きな靴を、象のうしろのかかとにはめた。
816,「なかなかいいね。」象も云う。
817,「靴に飾りをつけなくちゃ。」オツベルはもう大急ぎで、四百キロある分銅を靴の上から、穿め込んだ。
818,「うん、なかなかいいね。」象は二あし歩いてみて、さもうれしそうにそう云った。
819, 次の日、ブリキの大きな時計と、やくざな紙の靴とはやぶけ、象は鎖と分銅だけで、大よろこびであるいて居った。
820,「済まないが税金も高いから、今日はすこうし、川から水を汲んでくれ。」オツベルは両手をうしろで組んで、顔をしかめて象に云う。
821,「ああ、ぼく水を汲んで来よう。もう何ばいでも汲んでやるよ。」
822, 象は眼を細くしてよろこんで、そのひるすぎに五十だけ、川から水を汲んで来た。そして菜っ葉の畑にかけた。
823, 夕方象は小屋に居て、十把の藁をたべながら、西の三日の月を見て、
824,「ああ、稼ぐのは愉快だねえ、さっぱりするねえ」と云っていた。
825,「済まないが税金がまたあがる。今日は少うし森から、たきぎを運んでくれ」オツベルは房のついた赤い帽子をかぶり、両手をかくしにつっ込んで、次の日象にそう言った。
826,「ああ、ぼくたきぎを持って来よう。いい天気だねえ。ぼくはぜんたい森へ行くのは大すきなんだ」象はわらってこう言った。
827, オツベルは少しぎょっとして、パイプを手からあぶなく落としそうにしたがもうあのときは、象がいかにも愉快なふうで、ゆっくりあるきだしたので、また安心してパイプをくわえ、小さな咳を一つして、百姓どもの仕事の方を見に行った。
828, そのひるすぎの半日に、象は九百把たきぎを運び、眼を細くしてよろこんだ。
829, 晩方象は小屋に居て、八把の藁をたべながら、西の四日の月を見て
830,「ああ、せいせいした。サンタマリア」と斯うひとりごとしたそうだ。
831, その次の日だ、
832,「済まないが、税金が五倍になった、今日は少うし鍛冶場へ行って、炭火を吹いてくれないか」
833,「ああ、吹いてやろう。本気でやったら、ぼく、もう、息で、石もなげとばせるよ」
834, オツベルはまたどきっとしたが、気を落ち付けてわらっていた。
835, 象はのそのそ鍛冶場へ行って、べたんと肢を折って座り、ふいごの代りに半日炭を吹いたのだ。
836, その晩、象は象小屋で、七把の藁をたべながら、空の五日の月を見て
837,「ああ、つかれたな、うれしいな、サンタマリア」と斯う言った。
838, どうだ、そうして次の日から、象は朝からかせぐのだ。藁も昨日はただ五把だ。よくまあ、五把の藁などで、あんな力がでるもんだ。
839, じっさい象はけいざいだよ。それというのもオツベルが、頭がよくてえらいためだ。オツベルときたら大したもんさ。
840,第五日曜
841, オツベルかね、そのオツベルは、おれも云おうとしてたんだが、居なくなったよ。
842, まあ落ちついてききたまえ。前にはなしたあの象を、オツベルはすこしひどくし過ぎた。しかたがだんだんひどくなったから、象がなかなか笑わなくなった。時には赤い竜の眼をして、じっとこんなにオツベルを見おろすようになってきた。
843, ある晩象は象小屋で、三把の藁をたべながら、十日の月を仰ぎ見て、
844,「苦しいです。サンタマリア。」と云ったということだ。
845, こいつを聞いたオツベルは、ことごと象につらくした。
846, ある晩、象は象小屋で、ふらふら倒れて地べたに座り、藁もたべずに、十一日の月を見て、
847,「もう、さようなら、サンタマリア。」と斯う言った。
848,「おや、何だって? さよならだ?」月が俄かに象に訊く。
849,「ええ、さよならです。サンタマリア。」
850,「何だい、なりばかり大きくて、からっきし意気地のないやつだなあ。仲間へ手紙を書いたらいいや。」月がわらって斯う云った。
851,「お筆も紙もありませんよう。」象は細ういきれいな声で、しくしくしくしく泣き出した。
852,「そら、これでしょう。」すぐ眼の前で、可愛い子どもの声がした。象が頭を上げて見ると、赤い着物の童子が立って、硯と紙を捧げていた。象は早速手紙を書いた。
853,「ぼくはずいぶん眼にあっている。みんなで出て来て助けてくれ。」
854, 童子はすぐに手紙をもって、林の方へあるいて行った。
855, 赤衣の童子が、そうして山に着いたのは、ちょうどひるめしごろだった。このとき山の象どもは、沙羅樹の下のくらがりで、碁などをやっていたのだが、額をあつめてこれを見た。
856,「ぼくはずいぶん眼にあっている。みんなで出てきて助けてくれ。」
857, 象は一せいに立ちあがり、まっ黒になって吠えだした。
858,「オツベルをやっつけよう」議長の象が高く叫ぶと、
859,「おう、でかけよう。グララアガア、グララアガア。」みんながいちどに呼応する。
860, さあ、もうみんな、嵐のように林の中をなきぬけて、グララアガア、グララアガア、野原の方へとんで行く。どいつもみんなきちがいだ。小さな木などは根こぎになり、藪や何かもめちゃめちゃだ。グワア グワア グワア グワア、花火みたいに野原の中へ飛び出した。それから、何の、走って、走って、とうとう向うの青くかすんだ野原のはてに、オツベルの邸の黄いろな屋根を見附けると、象はいちどに噴火した。
861, グララアガア、グララアガア。その時はちょうど一時半、オツベルは皮の寝台の上でひるねのさかりで、烏の夢を見ていたもんだ。あまり大きな音なので、オツベルの家の百姓どもが、門から少し外へ出て、小手をかざして向うを見た。林のような象だろう。汽車より早くやってくる。さあ、まるっきり、血の気も失せてかけ込んで、
862,「旦那あ、象です。押し寄せやした。旦那あ、象です。」と声をかぎりに叫んだもんだ。
863, ところがオツベルはやっぱりえらい。眼をぱっちりとあいたときは、もう何もかもわかっていた。
864,「おい、象のやつは小屋にいるのか。居る? 居る? 居るのか。よし、戸をしめろ。戸をしめるんだよ。早く象小屋の戸をしめるんだ。ようし、早く丸太を持って来い。とじこめちまえ、畜生めじたばたしやがるな、丸太をそこへしばりつけろ。何ができるもんか。わざと力を減らしてあるんだ。ようし、もう五六本持って来い。さあ、大丈夫だ。大丈夫だとも。あわてるなったら。おい、みんな、こんどは門だ。門をしめろ。かんぬきをかえ。つっぱり。つっぱり。そうだ。おい、みんな心配するなったら。しっかりしろよ。」オツベルはもう支度ができて、ラッパみたいないい声で、百姓どもをはげました。ところがどうして、百姓どもは気が気じゃない。こんな主人に巻き添いなんぞ食いたくないから、みんなタオルやはんけちや、よごれたような白いようなものを、ぐるぐる腕に巻きつける。降参をするしるしなのだ。
865, オツベルはいよいよやっきとなって、そこらあたりをかけまわる。オツベルの犬も気が立って、火のつくように吠えながら、やしきの中をはせまわる。
866, 間もなく地面はぐらぐらとゆられ、そこらはばしゃばしゃくらくなり、象はやしきをとりまいた。グララアガア、グララアガア、その恐ろしいさわぎの中から、
867,「今助けるから安心しろよ。」やさしい声もきこえてくる。
868,「ありがとう。よく来てくれて、ほんとに僕はうれしいよ。」象小屋からも声がする。さあ、そうすると、まわりの象は、一そうひどく、グララアガア、グララアガア、塀のまわりをぐるぐる走っているらしく、度々中から、怒ってふりまわす鼻も見える。けれども塀はセメントで、中には鉄も入っているから、なかなか象もこわせない。塀の中にはオツベルが、たった一人で叫んでいる。百姓どもは眼もくらみ、そこらをうろうろするだけだ。そのうち外の象どもは、仲間のからだを台にして、いよいよ塀を越しかかる。だんだんにゅうと顔を出す。その皺くちゃで灰いろの、大きな顔を見あげたとき、オツベルの犬は気絶した。さあ、オツベルは射ちだした。六連発のピストルさ。ドーン、グララアガア、ドーン、グララアガア、ドーン、グララアガア、ところが弾丸は通らない。牙にあたればはねかえる。一疋なぞは斯う言った。
869,「なかなかこいつはうるさいねえ。ぱちぱち顔へあたるんだ。」
870, オツベルはいつかどこかで、こんな文句をきいたようだと思いながら、ケースを帯からつめかえた。そのうち、象の片脚が、塀からこっちへはみ出した。それからも一つはみ出した。五匹の象が一ぺんに、塀からどっと落ちて来た。オツベルはケースを握ったまま、もうくしゃくしゃに潰れていた。早くも門があいていて、グララアガア、グララアガア、象がどしどしなだれ込む。
871,「牢はどこだ。」みんなは小屋に押し寄せる。丸太なんぞは、マッチのようにへし折られ、あの白象は大へん瘠せて小屋を出た。
872,「まあ、よかったねやせたねえ。」みんなはしずかにそばにより、鎖と銅をはずしてやった。
873,「ああ、ありがとう。ほんとにぼくは助かったよ。」白象はさびしくわらってそう云った。
874, おや〔一字不明〕、川へはいっちゃいけないったら。
